image_id,filename,codec,quality,ssim,psnr,msssim,msssim_db,bytes,bpp
0,md020a3e0aef.png,jpeg,95,0.9708267965244652,42.44315748357682,0.9969558463495451,25.165334307908857,112483,3.432708740234375
0,md020a3e0aef.png,jpeg,90,0.9594539569144075,40.94447547242643,0.9952823662572797,23.262757789421347,73634,2.24713134765625
0,md020a3e0aef.png,jpeg,85,0.9509740807203171,40.065273027469736,0.9938248427743992,22.0935198036116,56783,1.732879638671875
0,md020a3e0aef.png,jpeg,80,0.942809845037447,39.35051061806435,0.992292555117589,21.13089572323197,46544,1.42041015625
0,md020a3e0aef.png,jpeg,75,0.9351509786927278,38.735929628193986,0.990663064147357,20.297956249072826,39158,1.19500732421875
0,md020a3e0aef.png,jpeg,70,0.9289032472989618,38.27901746618221,0.9893003828379706,19.70631761323443,34701,1.058990478515625
0,md020a3e0aef.png,jpeg,65,0.9221352716082459,37.811405174871524,0.9877179416687262,19.10728844350839,30892,0.9427490234375
0,md020a3e0aef.png,jpeg,60,0.91690813825852,37.48210519918927,0.9863704366467833,18.655180573220463,28220,0.8612060546875
0,md020a3e0aef.png,jpeg,55,0.9108472113865065,37.119020042394645,0.9847880532467098,18.17815203428265,26025,0.794219970703125
0,md020a3e0aef.png,jpeg,50,0.9055968068609141,36.816209300366815,0.9834177757883308,17.8035721696619,24228,0.7393798828125
0,md020a3e0aef.png,jpeg,45,0.8998912220552363,36.48596024759882,0.9817894796005312,17.39677643255691,22595,0.689544677734375
0,md020a3e0aef.png,jpeg,40,0.8921842900256906,36.07124294660206,0.9796294301598237,16.9099682200707,20778,0.63409423828125
0,md020a3e0aef.png,jpeg,35,0.8832778534248193,35.6249705722937,0.9768799041785524,16.36010370310345,19297,0.588897705078125
0,md020a3e0aef.png,jpeg,30,0.873668569633585,35.12851243778848,0.973544289848432,15.774805761932411,17558,0.53582763671875
0,md020a3e0aef.png,jpeg,25,0.8597612219418075,34.47456228958248,0.9689028588298307,15.072795348023838,15847,0.483612060546875
0,md020a3e0aef.png,jpeg,20,0.8387826427333293,33.5918548978004,0.9605850513298538,14.043390346798564,14087,0.429901123046875
0,md020a3e0aef.png,jpeg,15,0.8078823971719619,32.312293313877205,0.9470449688965742,12.760927725412346,12434,0.37945556640625
0,md020a3e0aef.png,jpeg,10,0.7552527979948748,30.36316182126874,0.9191032494094352,10.920689225030415,10623,0.324188232421875
1,md02d5ad379e.png,jpeg,95,0.9387712826326772,39.49149211211127,0.9933007451738394,21.73973502207324,130626,3.98638916015625
1,md02d5ad379e.png,jpeg,90,0.9039205399852972,37.650355928861,0.988098464384496,19.243969994214762,79087,2.413543701171875
1,md02d5ad379e.png,jpeg,85,0.8826719022617371,36.83412952456955,0.9843408167537524,18.052308936764234,58607,1.788543701171875
1,md02d5ad379e.png,jpeg,80,0.8667604741181559,36.304187051533,0.981013782447745,17.215615471009183,46846,1.42962646484375
1,md02d5ad379e.png,jpeg,75,0.8526960965885254,35.868472675694136,0.9777245302757565,16.52173129199231,38404,1.1719970703125
1,md02d5ad379e.png,jpeg,70,0.8411316785051907,35.53541013268989,0.9749826481301634,16.017586630352273,32819,1.001556396484375
1,md02d5ad379e.png,jpeg,65,0.828884150826068,35.210422391937556,0.9717520467016908,15.490130134534333,28012,0.8548583984375
1,md02d5ad379e.png,jpeg,60,0.818900446907394,34.967298528684246,0.9688232504415828,15.061691656843422,24477,0.746978759765625
1,md02d5ad379e.png,jpeg,55,0.8089375321843949,34.74855534015934,0.9659716941024162,14.6815967175771,21525,0.656890869140625
1,md02d5ad379e.png,jpeg,50,0.8003759438763972,34.54458448290107,0.9631665749936401,14.337578958015186,19364,0.5909423828125
1,md02d5ad379e.png,jpeg,45,0.7915311761528502,34.360481154451946,0.9600369581714517,13.983414624111301,17445,0.532379150390625
1,md02d5ad379e.png,jpeg,40,0.7814667458258925,34.1327857392414,0.9566751357037933,13.632627889256641,15524,0.4737548828125
1,md02d5ad379e.png,jpeg,35,0.7718535714620666,33.90678851276855,0.9527181081706964,13.2530515491466,14055,0.428924560546875
1,md02d5ad379e.png,jpeg,30,0.7611300195985508,33.65733452947546,0.9481021791417487,12.848508773944218,12593,0.384307861328125
1,md02d5ad379e.png,jpeg,25,0.7486769580973052,33.29832276490209,0.9415408854306062,12.331477668187894,11404,0.3480224609375
1,md02d5ad379e.png,jpeg,20,0.7303541403339949,32.766339200030956,0.9321735432331727,11.68600869752134,10412,0.3177490234375
1,md02d5ad379e.png,jpeg,15,0.7102687008422531,32.078073892460274,0.9197816308353721,10.95726171449391,9538,0.29107666015625
1,md02d5ad379e.png,jpeg,10,0.6703009575447391,30.53023194065155,0.8904196192608544,9.60267194934137,8752,0.26708984375
2,md03780c491b.png,jpeg,95,0.9583230353120099,39.09024066801958,0.995688049573382,23.65326240764267,162161,4.948760986328125
2,md03780c491b.png,jpeg,90,0.929636505825497,36.861324211979316,0.9914522039870892,20.681458505140856,102599,3.131072998046875
2,md03780c491b.png,jpeg,85,0.9103225059790786,35.84330885195112,0.987985475527023,19.20293413611555,77864,2.376220703125
2,md03780c491b.png,jpeg,80,0.8958549952377259,35.202169957475164,0.9851720613376318,18.289192191524634,63979,1.952484130859375
2,md03780c491b.png,jpeg,75,0.8836939255406424,34.70549567017993,0.9825180316021079,17.57409669172222,54408,1.660400390625
2,md03780c491b.png,jpeg,70,0.8736075234349898,34.32687412356807,0.9801665009546725,17.02600660377466,48295,1.473846435546875
2,md03780c491b.png,jpeg,65,0.8627228006220413,33.941593622746524,0.9775726372633304,16.49221792678764,42912,1.3095703125
2,md03780c491b.png,jpeg,60,0.8534734188517924,33.6376646900793,0.975068255301945,16.0324732894808,38569,1.177032470703125
2,md03780c491b.png,jpeg,55,0.8443705784923535,33.351700801931734,0.9724400662651866,15.597218309821004,34964,1.0670166015625
2,md03780c491b.png,jpeg,50,0.8352768989420376,33.08276880739429,0.9699671689321814,15.224037267694168,32036,0.9776611328125
2,md03780c491b.png,jpeg,45,0.8258191074175016,32.83355567842057,0.9670830332959279,14.825801918187643,29299,0.894134521484375
2,md03780c491b.png,jpeg,40,0.8144712235389319,32.52586009375853,0.9635143469685503,14.378778762054198,26302,0.80267333984375
2,md03780c491b.png,jpeg,35,0.8023143781324347,32.20802309135385,0.9591324673638033,13.886215818830136,23777,0.725616455078125
2,md03780c491b.png,jpeg,30,0.7876154872528248,31.858418237360482,0.953104019128644,13.288643760522238,21003,0.640960693359375
2,md03780c491b.png,jpeg,25,0.7676087478886154,31.36525930213283,0.9449910726384683,12.595668234288855,18346,0.55987548828125
2,md03780c491b.png,jpeg,20,0.7449451180994554,30.830982387962607,0.9336061285351971,11.778720066538867,15707,0.479339599609375
2,md03780c491b.png,jpeg,15,0.7148288036675187,30.089057186515497,0.9172684647246951,10.823289162575833,13278,0.40521240234375
2,md03780c491b.png,jpeg,10,0.6517574709244033,28.344848067345538,0.879318500239172,9.183593012994644,11014,0.33612060546875
3,md0d3ca2e738.png,jpeg,95,0.9739037039618452,43.45175800773888,0.9967523388628199,24.88429291601502,92736,2.830078125
3,md0d3ca2e738.png,jpeg,90,0.9653727536607253,41.716353834693706,0.9950749283348926,23.075874456670338,58699,1.791351318359375
3,md0d3ca2e738.png,jpeg,85,0.9591122446921648,40.693560562713955,0.9934286807489675,21.823474331908965,43344,1.32275390625
3,md0d3ca2e738.png,jpeg,80,0.9542522808938078,39.92337003275611,0.9916833165237463,20.800498269682485,34312,1.047119140625
3,md0d3ca2e738.png,jpeg,75,0.950281870116188,39.30778811025667,0.9901529012838326,20.066917083005027,28728,0.876708984375
3,md0d3ca2e738.png,jpeg,70,0.9478606820675982,38.87411681753633,0.9886979892586075,19.468442842859297,25646,0.78265380859375
3,md0d3ca2e738.png,jpeg,65,0.9444237781243422,38.38208775242644,0.9873857862677275,18.991398146967388,23245,0.709381103515625
3,md0d3ca2e738.png,jpeg,60,0.9419872071038595,38.015202805121,0.9858984748443078,18.507339135233003,21531,0.657073974609375
3,md0d3ca2e738.png,jpeg,55,0.9403065609251836,37.70250868369571,0.9855381004825718,18.39774660308578,20254,0.61810302734375
3,md0d3ca2e738.png,jpeg,50,0.9371079474400474,37.37434061148437,0.9842551424248404,18.02861263550906,19238,0.58709716796875
3,md0d3ca2e738.png,jpeg,45,0.93417637356234,37.00467040436392,0.9832130979636637,17.750294439848645,18256,0.55712890625
3,md0d3ca2e738.png,jpeg,40,0.9314281316175755,36.59840117071748,0.9816685337141601,17.368027955734885,17258,0.52667236328125
3,md0d3ca2e738.png,jpeg,35,0.9281910871481553,36.19871937949411,0.979696080833233,16.92420124243506,16317,0.497955322265625
3,md0d3ca2e738.png,jpeg,30,0.9211277942166248,35.502030742701244,0.9762939457045333,16.251407252418126,15267,0.465911865234375
3,md0d3ca2e738.png,jpeg,25,0.916071327585183,34.78373531415307,0.9733331099429626,15.740276295977583,14120,0.430908203125
3,md0d3ca2e738.png,jpeg,20,0.9076285410331058,33.870421139425744,0.9700229333106887,15.232108659164084,12848,0.39208984375
3,md0d3ca2e738.png,jpeg,15,0.8932362434413768,32.406592952927085,0.9637959962051716,14.412433982555404,11627,0.354827880859375
3,md0d3ca2e738.png,jpeg,10,0.8639186438327995,30.453223460712934,0.9427251420547181,12.420359792866524,10270,0.31341552734375
4,md145099d889.png,jpeg,95,0.9896462625168724,38.43813214207992,0.9989328140541561,29.717599027703336,229230,6.99554443359375
4,md145099d889.png,jpeg,90,0.9798217871332696,35.347897633181915,0.9976381281439946,26.267436688475712,155784,4.754150390625
4,md145099d889.png,jpeg,85,0.9719021233519808,33.83011896146521,0.9964419840188928,24.487921055800676,122627,3.742279052734375
4,md145099d889.png,jpeg,80,0.9655423753444777,32.90886028126288,0.9953581424944408,23.333081955257654,103690,3.16436767578125
4,md145099d889.png,jpeg,75,0.9596745927575556,32.2140393369063,0.994282199988435,22.427710387983662,90293,2.755523681640625
4,md145099d889.png,jpeg,70,0.954815282505856,31.70876772431584,0.9933781425084913,21.790201699018866,81915,2.499847412109375
4,md145099d889.png,jpeg,65,0.9501205775986882,31.273441100907764,0.9924428027482707,21.21639242037935,74889,2.285430908203125
4,md145099d889.png,jpeg,60,0.945520562179048,30.889923245651325,0.9914299709550835,20.67017706195167,69161,2.110626220703125
4,md145099d889.png,jpeg,55,0.9411894676751,30.55538157072902,0.9904883759105185,20.217453218765257,64594,1.97125244140625
4,md145099d889.png,jpeg,50,0.9369289833587429,30.243423241625692,0.9895172041250654,19.795228708716376,60699,1.852386474609375
4,md145099d889.png,jpeg,45,0.9321083908085818,29.913506419196757,0.9883988032354446,19.354972072012416,56933,1.737457275390625
4,md145099d889.png,jpeg,40,0.925840934761658,29.525843348376064,0.9868342861707663,18.805555889929437,52641,1.606475830078125
4,md145099d889.png,jpeg,35,0.9187109424449905,29.107779303873457,0.9851778795368971,18.29089661434366,48659,1.484954833984375
4,md145099d889.png,jpeg,30,0.9083200353996631,28.561594091675722,0.9824075917063632,17.546747042011656,43765,1.335601806640625
4,md145099d889.png,jpeg,25,0.8945363860266272,27.91421948329519,0.9783873083590232,16.652911427868595,38585,1.177520751953125
4,md145099d889.png,jpeg,20,0.8746406027524934,27.098470135147345,0.972585133331193,15.620138619505603,32847,1.002410888671875
4,md145099d889.png,jpeg,15,0.8445545973887207,26.073031033281765,0.9620578943182856,14.208785706383678,26852,0.8194580078125
4,md145099d889.png,jpeg,10,0.7900593634214438,24.58474046696444,0.9398424150072154,12.207096066810335,20410,0.62286376953125
5,md1fda49419d.png,jpeg,95,0.9839085431393251,45.899310393402324,0.9981566534404513,27.343930072928725,76943,2.348114013671875
5,md1fda49419d.png,jpeg,90,0.9789804760710159,44.64020443788053,0.9972953208390254,25.67884245116528,49365,1.506500244140625
5,md1fda49419d.png,jpeg,85,0.9749728434119262,43.7533255612582,0.9964179547752969,24.458689353169703,36820,1.1236572265625
5,md1fda49419d.png,jpeg,80,0.9709951464889826,42.98250579988748,0.9955339039869292,23.500719446101655,29845,0.910797119140625
5,md1fda49419d.png,jpeg,75,0.9671892788653694,42.29658834368465,0.9945251289664139,22.61626106636076,25485,0.777740478515625
5,md1fda49419d.png,jpeg,70,0.9643558976480179,41.81500153770645,0.9937911064939501,22.069857890397486,22950,0.70037841796875
5,md1fda49419d.png,jpeg,65,0.9610484513364357,41.24525341864078,0.9929826661259452,21.53827859909811,20809,0.635040283203125
5,md1fda49419d.png,jpeg,60,0.9576300198098814,40.815932591727126,0.9921255980063928,21.03782417949523,19402,0.59210205078125
5,md1fda49419d.png,jpeg,55,0.9543510218600938,40.43410094418849,0.9913276143348068,20.618614170901672,18041,0.550567626953125
5,md1fda49419d.png,jpeg,50,0.9520678447986736,40.210890778865725,0.9906002293618666,20.268827434011868,17131,0.522796630859375
5,md1fda49419d.png,jpeg,45,0.9481845647711261,39.77195499952177,0.9895066945067238,19.790876832689023,16263,0.496307373046875
5,md1fda49419d.png,jpeg,40,0.943025836250884,39.20855411474058,0.9879002603558861,19.17223974505132,15279,0.466278076171875
5,md1fda49419d.png,jpeg,35,0.9377018654090333,38.7036471813011,0.9860778392712881,18.562933566986523,14485,0.442047119140625
5,md1fda49419d.png,jpeg,30,0.9310219100349353,37.992487661262906,0.9839668957479195,17.94982383508082,13494,0.41180419921875
5,md1fda49419d.png,jpeg,25,0.9218650394475403,37.18244568357156,0.9810408417218153,17.221809477603074,12461,0.380279541015625
5,md1fda49419d.png,jpeg,20,0.9077683131928983,36.14255183072384,0.9764267113001186,16.275798250031173,11495,0.350799560546875
5,md1fda49419d.png,jpeg,15,0.8841412664860585,34.62891172259945,0.9655524471322726,14.628416246646589,10530,0.32135009765625
5,md1fda49419d.png,jpeg,10,0.8350574402745569,32.00672736643529,0.9423573581312333,12.392561228834767,9508,0.2901611328125
6,md20b4f6dd81.png,jpeg,95,0.9655644053583758,41.73629256976866,0.9960373050223522,24.020093555292,118794,3.62530517578125
6,md20b4f6dd81.png,jpeg,90,0.9493410279306799,39.94800361647026,0.9934977173857455,21.8693415831823,76523,2.335296630859375
6,md20b4f6dd81.png,jpeg,85,0.9375611690563236,38.96952961962006,0.9912709561013072,20.590333224182903,58344,1.780517578125
6,md20b4f6dd81.png,jpeg,80,0.9273100156086569,38.25340563868446,0.9890358510954065,19.600250749198285,47676,1.4549560546875
6,md20b4f6dd81.png,jpeg,75,0.9177073430270681,37.66680896954687,0.9867992273365137,18.794006480617465,40034,1.22174072265625
6,md20b4f6dd81.png,jpeg,70,0.9099271828780883,37.23476743173131,0.9846290621300162,18.13299632869011,35279,1.076629638671875
6,md20b4f6dd81.png,jpeg,65,0.901222256314119,36.75828494575032,0.9822001146127411,17.49582794086684,31060,0.9478759765625
6,md20b4f6dd81.png,jpeg,60,0.8944480268324334,36.43784901664685,0.9800306494054795,16.996360582040133,28030,0.85540771484375
6,md20b4f6dd81.png,jpeg,55,0.8875357737723236,36.12335577697367,0.9779209883882611,16.56020372119269,25590,0.78094482421875
6,md20b4f6dd81.png,jpeg,50,0.8819530441675901,35.89552717404026,0.975794146096931,16.160795922691257,23663,0.722137451171875
6,md20b4f6dd81.png,jpeg,45,0.8754750208831643,35.626855316793645,0.9732463955660758,15.726176984910138,21852,0.6668701171875
6,md20b4f6dd81.png,jpeg,40,0.86633421597756,35.25837020813162,0.97010292238137,15.243712610444877,19969,0.609405517578125
6,md20b4f6dd81.png,jpeg,35,0.8583438632709303,34.92436777020453,0.9668252778812908,14.791927062274048,18364,0.5604248046875
6,md20b4f6dd81.png,jpeg,30,0.8467237752374476,34.43495619088915,0.9620071727736709,14.20298387332153,16542,0.50482177734375
6,md20b4f6dd81.png,jpeg,25,0.8335224984779271,33.97910571332814,0.9560405443325386,13.569476939119106,14785,0.451202392578125
6,md20b4f6dd81.png,jpeg,20,0.8138919378679444,33.31518502345798,0.947283825146735,12.780561101816641,13042,0.39801025390625
6,md20b4f6dd81.png,jpeg,15,0.7823514793737506,32.323564679745736,0.9296190665427819,11.525449774464008,11313,0.345245361328125
6,md20b4f6dd81.png,jpeg,10,0.7303680898762157,30.735985127360756,0.8996061842102943,9.98293038696229,9584,0.29248046875
7,md3d2bc51ae0.png,jpeg,95,0.9861330556733067,41.8493525732334,0.998767175888551,29.090988803191284,134955,4.118499755859375
7,md3d2bc51ae0.png,jpeg,90,0.9806267148053651,39.83221997661724,0.9981362887486062,27.29621372904891,90886,2.77362060546875
7,md3d2bc51ae0.png,jpeg,85,0.9762242727271101,38.67678592090809,0.9975503285378144,26.108921571568537,71108,2.1700439453125
7,md3d2bc51ae0.png,jpeg,80,0.9719821787951636,37.817178692146015,0.9969828540445193,25.204036801708295,59719,1.822479248046875
7,md3d2bc51ae0.png,jpeg,75,0.9683751157087185,37.12754128155388,0.9964515508148528,24.499614096173374,51736,1.578857421875
7,md3d2bc51ae0.png,jpeg,70,0.965457041072694,36.62445573367307,0.9959854362939132,23.96361645985491,46827,1.429046630859375
7,md3d2bc51ae0.png,jpeg,65,0.9621605425233191,36.13590774216186,0.9954891147033356,23.45738216054371,42671,1.302215576171875
7,md3d2bc51ae0.png,jpeg,60,0.9590024456254643,35.71419708972811,0.9950112314361353,23.020066431379664,39491,1.205169677734375
7,md3d2bc51ae0.png,jpeg,55,0.9562298197358142,35.33241196659396,0.9945593549323987,22.643496053218254,36896,1.1259765625
7,md3d2bc51ae0.png,jpeg,50,0.9532434640211848,34.97734052652573,0.9940914987936138,22.285226714617718,34801,1.062042236328125
7,md3d2bc51ae0.png,jpeg,45,0.9492358147968071,34.59244045728311,0.9934985932647261,21.86992663162267,32906,1.00421142578125
7,md3d2bc51ae0.png,jpeg,40,0.9458926723668842,34.19520973110124,0.992904889354652,21.490408275089198,30676,0.9361572265625
7,md3d2bc51ae0.png,jpeg,35,0.9401622611633812,33.714716854032744,0.9919818631444103,20.95926535374073,28737,0.876983642578125
7,md3d2bc51ae0.png,jpeg,30,0.9347442157261394,33.149973360070334,0.991003809176813,20.459413410778676,26360,0.804443359375
7,md3d2bc51ae0.png,jpeg,25,0.9240180965197471,32.36248919605568,0.9893526724025221,19.727593833340627,24107,0.735687255859375
7,md3d2bc51ae0.png,jpeg,20,0.9131973916523434,31.602872197476337,0.9867605959504517,18.781315635230353,21547,0.657562255859375
7,md3d2bc51ae0.png,jpeg,15,0.8837717298894954,30.06246179239887,0.9814140724911687,17.308157610726276,19012,0.5802001953125
7,md3d2bc51ae0.png,jpeg,10,0.8579688481057328,28.6215518941899,0.9756639753455316,16.137503633135065,15736,0.480224609375
8,md490041966c.png,jpeg,95,0.9894502528678446,42.5449075634122,0.9989570170000744,29.817227702874597,131599,4.016082763671875
8,md490041966c.png,jpeg,90,0.9850844542821138,40.87290000868299,0.9983811091919174,27.907824428132706,89695,2.737274169921875
8,md490041966c.png,jpeg,85,0.9812708307663285,39.79207338531858,0.99780917197714,26.59391712651223,70956,2.1654052734375
8,md490041966c.png,jpeg,80,0.977589985144888,38.92440359161736,0.9972056213164342,25.537147402980708,59702,1.82196044921875
8,md490041966c.png,jpeg,75,0.9741588079951699,38.230400212523946,0.9965883866628485,24.670401964544645,51850,1.58233642578125
8,md490041966c.png,jpeg,70,0.9713192523285805,37.71556567537513,0.9960447456550782,24.028255837100822,47080,1.436767578125
8,md490041966c.png,jpeg,65,0.9679213785513578,37.13003202366436,0.9953977472630804,23.37029535333682,42955,1.310882568359375
8,md490041966c.png,jpeg,60,0.964819693987793,36.669966207443096,0.9947815748787687,22.82460543809143,39784,1.214111328125
8,md490041966c.png,jpeg,55,0.9617615405822496,36.26909134761338,0.994182351443297,22.352525179625733,37150,1.13372802734375
8,md490041966c.png,jpeg,50,0.9591010629970925,35.93849149648826,0.9936540427564243,21.975028583215988,35144,1.072509765625
8,md490041966c.png,jpeg,45,0.9557717019589306,35.549417604130525,0.9929844804297748,21.539401595428423,33173,1.012359619140625
8,md490041966c.png,jpeg,40,0.9513468474389383,35.059056166056465,0.9920908119601817,21.018680990467434,30907,0.943206787109375
8,md490041966c.png,jpeg,35,0.9465950792622096,34.60762158243789,0.9910407069054015,20.47726255653323,29106,0.88824462890625
8,md490041966c.png,jpeg,30,0.9395665277988612,33.95436197852348,0.9895690521413727,19.81676225507542,26810,0.81817626953125
8,md490041966c.png,jpeg,25,0.9294096341553398,33.191869254109285,0.9873946960058184,18.994466762546022,24501,0.747711181640625
8,md490041966c.png,jpeg,20,0.9143079482287385,32.167022919505506,0.9839628105925553,17.948717415251416,21823,0.665985107421875
8,md490041966c.png,jpeg,15,0.8908401682108694,30.91363855399991,0.9781640756246579,16.60828418461538,18916,0.5772705078125
8,md490041966c.png,jpeg,10,0.846339362999205,29.042377469904675,0.9656759718315782,14.644017502912563,15562,0.47491455078125
9,md4de1a9ae0f.png,jpeg,95,0.9792964087355549,44.46246799230543,0.9977202142609166,26.42105967344415,92541,2.824127197265625
9,md4de1a9ae0f.png,jpeg,90,0.9715106088034711,42.99429385774836,0.9964249798181932,24.467215021642772,61002,1.86163330078125
9,md4de1a9ae0f.png,jpeg,85,0.9649745981087969,42.00519110204222,0.9950270478600827,23.033857204319265,46804,1.4283447265625
9,md4de1a9ae0f.png,jpeg,80,0.9586128083052922,41.18544273540887,0.993626893331027,21.956488125167365,38425,1.172637939453125
9,md4de1a9ae0f.png,jpeg,75,0.9528344159777643,40.47222185588235,0.9919445256087887,20.939088786564632,32990,1.00677490234375
9,md4de1a9ae0f.png,jpeg,70,0.9479758712493137,39.97765613910618,0.9908131002629362,20.368310233523587,29716,0.9068603515625
9,md4de1a9ae0f.png,jpeg,65,0.9421113502870041,39.38394082920536,0.9891857234107829,19.660025269709923,26899,0.820892333984375
9,md4de1a9ae0f.png,jpeg,60,0.9375183269359361,39.09342634849458,0.987793801169547,19.13419559968047,24751,0.755340576171875
9,md4de1a9ae0f.png,jpeg,55,0.9312119922148062,38.63247151647792,0.9861250142154104,18.577674531550137,22997,0.701812744140625
9,md4de1a9ae0f.png,jpeg,50,0.9267551400904525,38.313132225383825,0.9848127454236962,18.185207271328853,21622,0.65985107421875
9,md4de1a9ae0f.png,jpeg,45,0.9208863605115373,37.8983459577274,0.9830654265008194,17.712257366801047,20273,0.618682861328125
9,md4de1a9ae0f.png,jpeg,40,0.9140029433955222,37.4868587821235,0.9799935946753537,16.988309367467235,18820,0.5743408203125
9,md4de1a9ae0f.png,jpeg,35,0.9051230419356499,36.93107654115654,0.9775366359963511,16.485252053843283,17574,0.53631591796875
9,md4de1a9ae0f.png,jpeg,30,0.8975611391081398,36.536804303021746,0.9743674226883325,15.912077240552811,16055,0.489959716796875
9,md4de1a9ae0f.png,jpeg,25,0.8801206557854558,35.62845381909429,0.967475054639338,14.877834243461743,14501,0.442535400390625
9,md4de1a9ae0f.png,jpeg,20,0.8572184495625436,34.569201828285934,0.9565226664551035,13.617370989520666,12953,0.395294189453125
9,md4de1a9ae0f.png,jpeg,15,0.8303039351206576,33.36991156225891,0.9450230539758121,12.598193889320033,11280,0.34423828125
9,md4de1a9ae0f.png,jpeg,10,0.7618550623789108,30.537663453057622,0.9119866554194409,10.554514751416173,9747,0.297454833984375
10,md4f8f9597b4.png,jpeg,95,0.9807132639588195,44.4082485383995,0.9978795041396448,26.735625710357425,81543,2.488494873046875
10,md4f8f9597b4.png,jpeg,90,0.973599430777329,42.30021535832406,0.9967414683136284,24.86978051513734,51387,1.568206787109375
10,md4f8f9597b4.png,jpeg,85,0.9676444431567791,41.107044095801264,0.9958615672252037,23.83164095140048,39217,1.196807861328125
10,md4f8f9597b4.png,jpeg,80,0.961452850115467,40.264562498994295,0.994789097933861,22.83087088901003,32611,0.995208740234375
10,md4f8f9597b4.png,jpeg,75,0.9587809384615316,39.59927017678468,0.9936503048404866,21.97247124112602,28129,0.858428955078125
10,md4f8f9597b4.png,jpeg,70,0.9524212392317292,39.097347552396265,0.9928595700376521,21.462756363116412,25440,0.7763671875
10,md4f8f9597b4.png,jpeg,65,0.943965191711785,38.595100031551524,0.9914697096503166,20.690361862862517,23207,0.708221435546875
10,md4f8f9597b4.png,jpeg,60,0.9366691170455134,38.155905948397375,0.9900647487402864,20.028211452298255,21539,0.657318115234375
10,md4f8f9597b4.png,jpeg,55,0.9277487927174132,37.822384112991905,0.9892537720474399,19.68743951270677,20203,0.616546630859375
10,md4f8f9597b4.png,jpeg,50,0.9279155578638983,37.536405877012754,0.9889376594835532,19.56152977385767,19067,0.581878662109375
10,md4f8f9597b4.png,jpeg,45,0.9221400208958513,37.186667513805276,0.9878039238432904,19.13779872406405,18045,0.550689697265625
10,md4f8f9597b4.png,jpeg,40,0.9182304572985432,36.79580030607149,0.9859289583591972,18.51673751740225,16879,0.515106201171875
10,md4f8f9597b4.png,jpeg,35,0.9122167589356458,36.41682244371482,0.984863480290195,18.199739692598264,15825,0.482940673828125
10,md4f8f9597b4.png,jpeg,30,0.8815320556251898,35.76203772185414,0.9796271504771809,16.909482225714406,14702,0.44866943359375
10,md4f8f9597b4.png,jpeg,25,0.8618328684595328,35.140975579251204,0.9754977265956605,16.10793618445484,13510,0.41229248046875
10,md4f8f9597b4.png,jpeg,20,0.8492385068248405,34.33636330115681,0.972827954277531,15.658776632922894,12276,0.3746337890625
10,md4f8f9597b4.png,jpeg,15,0.8340739297973805,33.05989746315232,0.9587740932220077,13.84829783121955,11081,0.338165283203125
10,md4f8f9597b4.png,jpeg,10,0.7310146684774899,31.26512365615962,0.9435007312736043,12.479571732450996,9801,0.299102783203125
11,md575e5a225f.png,jpeg,95,0.96632005122852,43.20455916268582,0.995964988362014,23.94155208325845,94955,2.897796630859375
11,md575e5a225f.png,jpeg,90,0.955196481276155,41.93356676085382,0.9938374642462922,22.102405480241693,60201,1.837188720703125
11,md575e5a225f.png,jpeg,85,0.9468406674173373,41.13439026409231,0.9919383907761721,20.93578257540994,44283,1.351409912109375
11,md575e5a225f.png,jpeg,80,0.9395708994962435,40.48802150958876,0.9900712044321643,20.031034312597082,34739,1.060150146484375
11,md575e5a225f.png,jpeg,75,0.933185087495418,39.99041141314506,0.9880056975714869,19.210250049080678,28399,0.866668701171875
11,md575e5a225f.png,jpeg,70,0.9284998533430157,39.6051327166129,0.9862782166524646,18.62589442006596,24764,0.7557373046875
11,md575e5a225f.png,jpeg,65,0.9239246178929986,39.234760159743864,0.9845094396508463,18.099328719668225,21839,0.666473388671875
11,md575e5a225f.png,jpeg,60,0.9199653630587047,38.87305710985949,0.9830109646348589,17.698312796059167,19855,0.605926513671875
11,md575e5a225f.png,jpeg,55,0.9166655655410003,38.64903916657972,0.98143615164114,17.313319878278456,18304,0.55859375
11,md575e5a225f.png,jpeg,50,0.9130192434636658,38.381266932197704,0.9800695993538251,17.00483970909444,17107,0.522064208984375
11,md575e5a225f.png,jpeg,45,0.9093249503464964,38.06805116573055,0.9781541735583966,16.6063152100528,16086,0.49090576171875
11,md575e5a225f.png,jpeg,40,0.9053671522689398,37.7900273584395,0.976323764814304,16.25687354654624,14961,0.456573486328125
11,md575e5a225f.png,jpeg,35,0.8997279532620198,37.38628934124269,0.9736437990040671,15.791171891237532,14097,0.430206298828125
11,md575e5a225f.png,jpeg,30,0.8924938715945342,36.78110400482249,0.9704468806134299,15.293966717751266,13148,0.4012451171875
11,md575e5a225f.png,jpeg,25,0.8809563710717416,35.98484412746416,0.96473093592532,14.526060649311795,12226,0.37310791015625
11,md575e5a225f.png,jpeg,20,0.8657110451667488,35.0245358445051,0.9566085354055859,13.62595690858629,11281,0.344268798828125
11,md575e5a225f.png,jpeg,15,0.8476861907441898,33.6641889337014,0.9443014218291882,12.541558910103285,10294,0.31414794921875
11,md575e5a225f.png,jpeg,10,0.8189900833121128,31.78800425177709,0.9237692969765514,11.178700750115965,9325,0.284576416015625
12,md69742bf9b2.png,jpeg,95,0.9760626300449483,44.1474023099659,0.9973004719627732,25.687121575983056,87811,2.679779052734375
12,md69742bf9b2.png,jpeg,90,0.9684160576141595,42.85294422744576,0.9959466445573021,23.921853108810925,55652,1.6983642578125
12,md69742bf9b2.png,jpeg,85,0.9625154935044614,42.02050481497384,0.9947091574483103,22.76475162291377,41021,1.251861572265625
12,md69742bf9b2.png,jpeg,80,0.9572229018861504,41.33051971072448,0.9934690923625177,21.85026458149426,32755,0.999603271484375
12,md69742bf9b2.png,jpeg,75,0.9525505516061089,40.80309863933725,0.9921318931367913,21.04129750203299,27299,0.833099365234375
12,md69742bf9b2.png,jpeg,70,0.9489886866325762,40.410475798265836,0.9910372494726233,20.475586917273088,24272,0.74072265625
12,md69742bf9b2.png,jpeg,65,0.9449780693056177,39.93867354895057,0.9897466568518241,19.89134507868883,21849,0.666778564453125
12,md69742bf9b2.png,jpeg,60,0.9410095332394818,39.52980815574955,0.9886087381414181,19.434281646070485,20175,0.615692138671875
12,md69742bf9b2.png,jpeg,55,0.937961831855395,39.26830549200682,0.987625083580345,19.07457725615015,18798,0.57366943359375
12,md69742bf9b2.png,jpeg,50,0.9357863489200703,39.07071957968296,0.9867678523947957,18.783696631899428,17799,0.543182373046875
12,md69742bf9b2.png,jpeg,45,0.9326763896305738,38.783735283225155,0.9857084883894223,18.449218335313972,16902,0.51580810546875
12,md69742bf9b2.png,jpeg,40,0.9277719897000214,38.363401912989545,0.9838764628169151,17.92539676514838,15858,0.48394775390625
12,md69742bf9b2.png,jpeg,35,0.9234825950511634,38.001191675330084,0.9824647958240799,17.560891729270914,15020,0.4583740234375
12,md69742bf9b2.png,jpeg,30,0.916055932631362,37.34792647039744,0.9794798658549145,16.87819804462757,13987,0.426849365234375
12,md69742bf9b2.png,jpeg,25,0.9067905137658715,36.71299438099525,0.9761547303434868,16.225977619416454,12972,0.3958740234375
12,md69742bf9b2.png,jpeg,20,0.8931707993481761,35.74775158899036,0.9712053590660497,15.40688332705399,11903,0.363250732421875
12,md69742bf9b2.png,jpeg,15,0.8702777657273565,34.41702668780635,0.9609524275422664,14.08405960531406,10779,0.328948974609375
12,md69742bf9b2.png,jpeg,10,0.8257771708519962,32.305406851728485,0.9379095699642893,12.069753322382589,9578,0.29229736328125
13,md724a5fef27.png,jpeg,95,0.9725545221655979,43.41200571548234,0.9970572770808783,25.312506282712878,95871,2.925750732421875
13,md724a5fef27.png,jpeg,90,0.9636250509923477,41.75754662485771,0.9956162979468188,23.5815897118805,61488,1.87646484375
13,md724a5fef27.png,jpeg,85,0.9567879908118789,40.758327728777665,0.9942839693644833,22.429054522393223,45741,1.395904541015625
13,md724a5fef27.png,jpeg,80,0.9511760836435476,40.03451682548979,0.9930034531369437,21.551162526059176,36506,1.11407470703125
13,md724a5fef27.png,jpeg,75,0.9465807821219149,39.4605015457116,0.9916367701246266,20.77625965844153,30630,0.93475341796875
13,md724a5fef27.png,jpeg,70,0.9432277970756825,38.996559813382426,0.9907430365993659,20.335314533425617,27310,0.83343505859375
13,md724a5fef27.png,jpeg,65,0.9396517227685166,38.57750192389204,0.9894849361750213,19.781880868624032,24741,0.755035400390625
13,md724a5fef27.png,jpeg,60,0.9370444970848659,38.25728058797549,0.9888177773604651,19.514718651305646,22881,0.698272705078125
13,md724a5fef27.png,jpeg,55,0.9334579523692229,37.90386032977575,0.987813140160501,19.141081836400716,21445,0.654449462890625
13,md724a5fef27.png,jpeg,50,0.9314284325952041,37.653972023763195,0.9872105814804026,18.9314920059335,20325,0.620269775390625
13,md724a5fef27.png,jpeg,45,0.9285909638129862,37.32994294565492,0.9864460297114488,18.679334707051716,19321,0.589630126953125
13,md724a5fef27.png,jpeg,40,0.9239710305630991,36.872081382228046,0.9849455799076993,18.223359691824065,18161,0.554229736328125
13,md724a5fef27.png,jpeg,35,0.9207899619419871,36.48872074654369,0.9840627216208158,17.97585841397911,17134,0.52288818359375
13,md724a5fef27.png,jpeg,30,0.9161756320987152,35.94185668515103,0.9827866533760714,17.641346858020835,15913,0.485626220703125
13,md724a5fef27.png,jpeg,25,0.9072224791642624,35.17142547539447,0.980367326134219,17.07020547772752,14787,0.451263427734375
13,md724a5fef27.png,jpeg,20,0.8945889052175885,34.084191632913786,0.9749470427762407,16.01141003123745,13587,0.414642333984375
13,md724a5fef27.png,jpeg,15,0.8719580762927918,32.76499857437911,0.9716461626851721,15.473881568106156,12256,0.3740234375
13,md724a5fef27.png,jpeg,10,0.8504936061008458,30.542162955957146,0.9638188283477573,14.415173735219566,10835,0.330657958984375
14,md7acca9e5d4.png,jpeg,95,0.97903362359922,41.893521225692716,0.9976559347080387,26.300302955790393,124867,3.810638427734375
14,md7acca9e5d4.png,jpeg,90,0.9688995954052576,39.88812010454491,0.9961123823036042,24.10316449638038,82703,2.523895263671875
14,md7acca9e5d4.png,jpeg,85,0.9605473959400866,38.7011543734969,0.9945499779964008,22.636017443247454,64311,1.962615966796875
14,md7acca9e5d4.png,jpeg,80,0.9530374891865755,37.833716761504654,0.9930520983788244,21.58146339574829,53473,1.631866455078125
14,md7acca9e5d4.png,jpeg,75,0.9460772953425024,37.13118930979401,0.9914420219749001,20.67628833018023,45984,1.4033203125
14,md7acca9e5d4.png,jpeg,70,0.940666005651689,36.64822575364893,0.9900080292673177,20.003488467169056,41474,1.26568603515625
14,md7acca9e5d4.png,jpeg,65,0.9345511691539832,36.13796200807182,0.9883221402737137,19.326367457712948,37540,1.1456298828125
14,md7acca9e5d4.png,jpeg,60,0.9292839006032877,35.74739137598503,0.9870533663665488,18.878431415806197,34670,1.05804443359375
14,md7acca9e5d4.png,jpeg,55,0.9240309242157707,35.38844744993859,0.9855753047014568,18.4089335193715,32195,0.982513427734375
14,md7acca9e5d4.png,jpeg,50,0.9194399708185245,35.091346002013516,0.9843451962292008,18.05352371789845,30308,0.9249267578125
14,md7acca9e5d4.png,jpeg,45,0.9134757033631976,34.734710092595755,0.9823455544863188,17.531459180969275,28535,0.870819091796875
14,md7acca9e5d4.png,jpeg,40,0.9065827964697974,34.32916732873426,0.9802483274648305,17.043961232253647,26511,0.809051513671875
14,md7acca9e5d4.png,jpeg,35,0.8982487055800094,33.888886906756724,0.9779369127776314,16.563337181047956,24775,0.756072998046875
14,md7acca9e5d4.png,jpeg,30,0.8868783606329931,33.280396440113876,0.9741348113014049,15.87284348862876,22649,0.691192626953125
14,md7acca9e5d4.png,jpeg,25,0.8709091993363889,32.613965343942326,0.9683103904135434,14.990831112512266,20496,0.62548828125
14,md7acca9e5d4.png,jpeg,20,0.8480275926019473,31.717392990630824,0.9603506519805924,14.017639496805923,17985,0.548858642578125
14,md7acca9e5d4.png,jpeg,15,0.8142857607900339,30.45838117461423,0.947917215842443,12.833058080046701,15360,0.46875
14,md7acca9e5d4.png,jpeg,10,0.7582160665884515,28.659908567307163,0.9187427618691791,10.901379430842864,12384,0.3779296875
15,md84e1b14970.png,jpeg,95,0.9736295677139638,41.9862860003507,0.9972579129389275,25.619187605081667,121277,3.701080322265625
15,md84e1b14970.png,jpeg,90,0.9614485201537732,40.23940930829353,0.9954981026842578,23.46604415091853,80038,2.44256591796875
15,md84e1b14970.png,jpeg,85,0.9514945916896682,39.18654893376297,0.9938062739581278,22.080480080742348,61717,1.883453369140625
15,md84e1b14970.png,jpeg,80,0.9423644606535714,38.38139537582058,0.9920329321483708,20.98701484144506,50766,1.54925537109375
15,md84e1b14970.png,jpeg,75,0.9339039284975285,37.73448631865009,0.9902362124491606,20.1038167891707,43027,1.313079833984375
15,md84e1b14970.png,jpeg,70,0.9272010602551816,37.252791528944265,0.9885976947991136,19.430073385917634,38402,1.17193603515625
15,md84e1b14970.png,jpeg,65,0.9201174353248561,36.80711450975812,0.9869674438038218,18.849703937259033,34507,1.053070068359375
15,md84e1b14970.png,jpeg,60,0.9134306491810906,36.40808488708606,0.985252365699604,18.312776402067655,31546,0.96270751953125
15,md84e1b14970.png,jpeg,55,0.9072281992298009,36.069589477296546,0.9837297860378865,17.886067358182594,29182,0.89056396484375
15,md84e1b14970.png,jpeg,50,0.9008878099485914,35.701498869596634,0.981902472801786,17.423807620112765,27265,0.832061767578125
15,md84e1b14970.png,jpeg,45,0.8941994507544568,35.3814079431048,0.9802800950817327,17.05095183389301,25538,0.77935791015625
15,md84e1b14970.png,jpeg,40,0.8852069221713174,34.99430808522866,0.9779452104991786,16.564970829351306,23519,0.717742919921875
15,md84e1b14970.png,jpeg,35,0.876066673833753,34.56904042256642,0.9752002274145821,16.055523016476126,21809,0.665557861328125
15,md84e1b14970.png,jpeg,30,0.8619714300353993,34.005377617377285,0.9711985111244269,15.405850610695094,19724,0.6019287109375
15,md84e1b14970.png,jpeg,25,0.8461246546178063,33.40824964502306,0.966426352776295,14.740014772479608,17689,0.539825439453125
15,md84e1b14970.png,jpeg,20,0.8198099379508398,32.52054058572241,0.9574997589172506,13.716086064059052,15450,0.47149658203125
15,md84e1b14970.png,jpeg,15,0.7865583032332836,31.43754732151601,0.9452022364073082,12.612371655881214,13196,0.4027099609375
15,md84e1b14970.png,jpeg,10,0.7246198969181875,29.67973624849747,0.9208464359187369,11.015295251986313,10937,0.333770751953125
16,md8ad8c1a4f0.png,jpeg,95,0.9782711869618769,41.58895398108734,0.9979936569422598,26.975948064375743,137913,4.208770751953125
16,md8ad8c1a4f0.png,jpeg,90,0.967281260848603,39.51820668057465,0.9966325464173796,24.726983819303744,93882,2.86505126953125
16,md8ad8c1a4f0.png,jpeg,85,0.9583318013076342,38.36939182235292,0.9953562359246872,23.331298525408094,74191,2.264129638671875
16,md8ad8c1a4f0.png,jpeg,80,0.9504591548922247,37.57812208935238,0.9941074197553524,22.29694494578718,62634,1.91143798828125
16,md8ad8c1a4f0.png,jpeg,75,0.9429978366074941,36.93039579439167,0.9928804998279165,21.475504951448418,54291,1.656829833984375
16,md8ad8c1a4f0.png,jpeg,70,0.9363305469165683,36.42570479653669,0.9916334665183159,20.774544466206994,49123,1.499114990234375
16,md8ad8c1a4f0.png,jpeg,65,0.9294242705001236,35.93142459922351,0.9904432165558842,20.19688254955049,44579,1.360443115234375
16,md8ad8c1a4f0.png,jpeg,60,0.9230546376343588,35.50675631133171,0.9890728365515008,19.614925606983434,41027,1.252044677734375
16,md8ad8c1a4f0.png,jpeg,55,0.916472506302168,35.12412657639642,0.9879006751026278,19.172388612145774,38083,1.162200927734375
16,md8ad8c1a4f0.png,jpeg,50,0.910271313810498,34.76241910995603,0.9865686174115469,18.718792799872393,35611,1.086761474609375
16,md8ad8c1a4f0.png,jpeg,45,0.9031965887111345,34.393563416758546,0.9852062899708223,18.299228981366266,33297,1.016143798828125
16,md8ad8c1a4f0.png,jpeg,40,0.894434578392703,33.956449553904136,0.9831719817918746,17.739670267427456,30722,0.93756103515625
16,md8ad8c1a4f0.png,jpeg,35,0.8843205541037639,33.48005579806252,0.9808979551412631,17.189201393841902,28421,0.867340087890625
16,md8ad8c1a4f0.png,jpeg,30,0.8709097659139095,32.876632496897024,0.9773224024735775,16.444029566699495,25692,0.7840576171875
16,md8ad8c1a4f0.png,jpeg,25,0.8543315763562426,32.20157476722323,0.9733285613440186,15.739535578570703,22903,0.698944091796875
16,md8ad8c1a4f0.png,jpeg,20,0.8294435085232861,31.30080465140468,0.9666682048685205,14.771412961593972,19907,0.607513427734375
16,md8ad8c1a4f0.png,jpeg,15,0.7901467147193614,30.093819249493954,0.9545154970842316,13.421365471798435,16827,0.513519287109375
16,md8ad8c1a4f0.png,jpeg,10,0.7165739944962685,28.081299637926477,0.920817914134707,11.013730619693282,13431,0.409881591796875
17,md8b4d790353.png,jpeg,95,0.9729022298812869,45.37457119634324,0.9965291346151958,24.595622298233746,65534,1.99993896484375
17,md8b4d790353.png,jpeg,90,0.9655531993947467,44.283147404998346,0.9949138636501604,22.936120013783224,38485,1.174468994140625
17,md8b4d790353.png,jpeg,85,0.960565493477319,43.6038520759074,0.9932435080303781,21.702787350759955,26193,0.799346923828125
17,md8b4d790353.png,jpeg,80,0.9571376673431083,43.16152003455626,0.9916779107304959,20.797676299219372,19743,0.602508544921875
17,md8b4d790353.png,jpeg,75,0.9545209174109299,42.86974375128828,0.990303162854622,20.133698981361206,16099,0.491302490234375
17,md8b4d790353.png,jpeg,70,0.952232495952016,42.53578523338141,0.9888824003657508,19.539889697800184,14292,0.4361572265625
17,md8b4d790353.png,jpeg,65,0.9498031451888029,42.027511688031076,0.9871632727620914,18.91545686834863,13059,0.398529052734375
17,md8b4d790353.png,jpeg,60,0.9469144050874293,41.74566634539046,0.9859705989336218,18.529608691797087,12122,0.36993408203125
17,md8b4d790353.png,jpeg,55,0.9456374173997761,41.66114879723055,0.9852523050299914,18.31275853586402,11538,0.35211181640625
17,md8b4d790353.png,jpeg,50,0.9442666606582342,41.564049042913,0.9844871328692519,18.093079272678278,11078,0.33807373046875
17,md8b4d790353.png,jpeg,45,0.943058310580629,41.36582550751047,0.9833504681840095,17.785979743252668,10710,0.32684326171875
17,md8b4d790353.png,jpeg,40,0.9378064046203846,40.69541316099779,0.9802888627767761,17.052883186163854,10246,0.31268310546875
17,md8b4d790353.png,jpeg,35,0.9360508139138588,40.474155712859115,0.9790507284031172,16.788310727909522,9868,0.3011474609375
17,md8b4d790353.png,jpeg,30,0.929781711119355,39.66000169912289,0.9746964429488228,15.968184235233041,9425,0.287628173828125
17,md8b4d790353.png,jpeg,25,0.9283709862979873,39.340875871459666,0.9745451108340385,15.9422878959958,8979,0.274017333984375
17,md8b4d790353.png,jpeg,20,0.9212558657448473,38.66088671002184,0.9700193887392149,15.231595167686027,8551,0.260955810546875
17,md8b4d790353.png,jpeg,15,0.9076316332044471,37.761602866965916,0.9605468949622108,14.03918811270487,8203,0.250335693359375
17,md8b4d790353.png,jpeg,10,0.8853352224966105,36.11021548813474,0.9355891107889511,11.910407052411376,7935,0.242156982421875
18,md97faaba752.png,jpeg,95,0.9741229564475758,44.34793270128609,0.9970228180578536,25.261946238498474,93201,2.844268798828125
18,md97faaba752.png,jpeg,90,0.964606253964695,42.91960781717131,0.9953350305323074,23.311511943732217,61187,1.867279052734375
18,md97faaba752.png,jpeg,85,0.9566837316953114,41.961602574728936,0.9936144835484212,21.948039718539114,46290,1.41265869140625
18,md97faaba752.png,jpeg,80,0.9487138914834116,41.14016370878839,0.9917727693545383,20.847463273386083,37391,1.141082763671875
18,md97faaba752.png,jpeg,75,0.9413455593123864,40.4704439170507,0.9898827901237617,19.94939240700205,31341,0.956451416015625
18,md97faaba752.png,jpeg,70,0.9354367534549977,39.96198655102092,0.9880113544079933,19.212298782141506,27861,0.850250244140625
18,md97faaba752.png,jpeg,65,0.9290828789213162,39.44291543465101,0.986293486885262,18.63073014038535,24866,0.75885009765625
18,md97faaba752.png,jpeg,60,0.9234501878543203,39.06787312651469,0.9845133570759063,18.10042715071824,22692,0.6925048828125
18,md97faaba752.png,jpeg,55,0.9187187100491717,38.74695390149058,0.9830717233871396,17.71387253091422,20935,0.638885498046875
18,md97faaba752.png,jpeg,50,0.913423115882641,38.39188560464967,0.9813012917141167,17.28188393660782,19632,0.59912109375
18,md97faaba752.png,jpeg,45,0.9073610837443788,38.057801030161244,0.9793415027888892,16.849012741358504,18366,0.56048583984375
18,md97faaba752.png,jpeg,40,0.9003740776612865,37.66086648807687,0.9767801563103921,16.34140708153398,16958,0.51751708984375
18,md97faaba752.png,jpeg,35,0.8910608821028166,37.139182452548496,0.972868007424311,15.665183104459416,15864,0.484130859375
18,md97faaba752.png,jpeg,30,0.8822626399077281,36.64837743605461,0.9698486691607633,15.206935139257844,14368,0.4384765625
18,md97faaba752.png,jpeg,25,0.8671929153607639,35.92197541919177,0.9626398835251999,14.275917784728836,13015,0.397186279296875
18,md97faaba752.png,jpeg,20,0.8454308988249964,34.88874366370014,0.9509869773210623,13.096885133146781,11573,0.353179931640625
18,md97faaba752.png,jpeg,15,0.8190613687369059,33.82535460454693,0.9356372512652495,11.913654167973235,10173,0.310455322265625
18,md97faaba752.png,jpeg,10,0.7635173977592299,31.23227581439252,0.8984781792661033,9.934406020284657,8892,0.2713623046875
19,md9a54894332.png,jpeg,95,0.9746120991908644,45.129727159675085,0.9970817742192607,25.34881110134181,77808,2.37451171875
19,md9a54894332.png,jpeg,90,0.9673732096302231,43.95823187266671,0.9957590771108432,23.72539624054829,49311,1.504852294921875
19,md9a54894332.png,jpeg,85,0.9614402703255562,43.14350959865483,0.9944336032978667,22.544258458984633,36381,1.110260009765625
19,md9a54894332.png,jpeg,80,0.9556253338049564,42.40681300595777,0.9930309474345386,21.56826259715467,29084,0.8875732421875
19,md9a54894332.png,jpeg,75,0.950055229428238,41.758517828609534,0.9915124549208041,20.712179060729685,24419,0.745208740234375
19,md9a54894332.png,jpeg,70,0.9453505300341649,41.24975031420951,0.990087052930592,20.037972127488803,21773,0.664459228515625
19,md9a54894332.png,jpeg,65,0.9411670537226278,40.81006282410412,0.9888705038558472,19.53524496650673,19594,0.59796142578125
19,md9a54894332.png,jpeg,60,0.937373787750602,40.44004713598469,0.9874925576974228,19.02831491860916,18052,0.5509033203125
19,md9a54894332.png,jpeg,55,0.9331774603999826,40.06821947483402,0.9862815193014354,18.6269398343726,16830,0.51361083984375
19,md9a54894332.png,jpeg,50,0.928694658015173,39.636989253099046,0.984743524456905,18.165457828275912,15841,0.483428955078125
19,md9a54894332.png,jpeg,45,0.9245964163261463,39.29782817246118,0.9829453851083426,17.68158082900762,14956,0.4564208984375
19,md9a54894332.png,jpeg,40,0.9187424449392741,38.867726069990084,0.9807142409046744,17.147632624539895,13971,0.426361083984375
19,md9a54894332.png,jpeg,35,0.9126782187539336,38.44254117303097,0.9784122522189725,16.657926646270152,13139,0.400970458984375
19,md9a54894332.png,jpeg,30,0.9039109782800905,37.798615877942765,0.9748388070082245,15.992687711177835,12201,0.372344970703125
19,md9a54894332.png,jpeg,25,0.8910350621453684,36.93433942125473,0.968890294171379,15.0710409553259,11321,0.345489501953125
19,md9a54894332.png,jpeg,20,0.874868920420698,35.908898578180626,0.9606261280016012,14.047918749010893,10385,0.316925048828125
19,md9a54894332.png,jpeg,15,0.8485930318259074,34.3836897128987,0.9441590953621383,12.530475546390306,9498,0.28985595703125
19,md9a54894332.png,jpeg,10,0.800966317261088,32.102491409829064,0.9099567192559533,10.455486897812566,8671,0.264617919921875
20,mda35b1dc888.png,jpeg,95,0.9459803210619825,41.576383863730165,0.9943132873734464,22.45138717915479,86552,2.641357421875
20,mda35b1dc888.png,jpeg,90,0.9279916049408444,40.38936236143343,0.9915930122905912,20.75359587498957,51489,1.571319580078125
20,mda35b1dc888.png,jpeg,85,0.9160597662447606,39.7295826391896,0.9891989557778272,19.665342558088746,36304,1.10791015625
20,mda35b1dc888.png,jpeg,80,0.9063494374076294,39.23161738579092,0.9868835875239077,18.82184934387996,27260,0.8319091796875
20,mda35b1dc888.png,jpeg,75,0.8976300881939095,38.811029916296356,0.9844702067804216,18.08834326898225,21003,0.640960693359375
20,mda35b1dc888.png,jpeg,70,0.8918256259061486,38.559423611778264,0.9829700153773273,17.687857441860434,17535,0.535125732421875
20,mda35b1dc888.png,jpeg,65,0.886160433543588,38.30548758533371,0.9808711448205394,17.183110207787983,14896,0.45458984375
20,mda35b1dc888.png,jpeg,60,0.8819537443479594,38.12387978522864,0.9793897580657785,16.859169102061987,13251,0.404388427734375
20,mda35b1dc888.png,jpeg,55,0.8787834896026062,37.96414644993653,0.9781711082290385,16.609683123885883,12035,0.367279052734375
20,mda35b1dc888.png,jpeg,50,0.8758852707813819,37.82794893698526,0.9771830294191134,16.4174201755763,11304,0.344970703125
20,mda35b1dc888.png,jpeg,45,0.8709906903414604,37.53934989142409,0.9745865828056743,15.949369339713655,10713,0.326934814453125
20,mda35b1dc888.png,jpeg,40,0.8674142050128483,37.34708621854364,0.9727902583573568,15.652755818404955,10141,0.309478759765625
20,mda35b1dc888.png,jpeg,35,0.8642899498075574,37.19788636679513,0.9712781915104974,15.417882179017482,9748,0.2974853515625
20,mda35b1dc888.png,jpeg,30,0.8603132654885214,36.88266053149513,0.9680954774624041,14.961477503626684,9313,0.284210205078125
20,mda35b1dc888.png,jpeg,25,0.8538218176979967,36.44242993707542,0.9632267729028796,14.34468256207445,8983,0.274139404296875
20,mda35b1dc888.png,jpeg,20,0.8432025593978615,35.58248998787705,0.9572019850832476,13.685763742273354,8663,0.264373779296875
20,mda35b1dc888.png,jpeg,15,0.8314366694467323,34.6928495913472,0.9462241230543902,12.694124986618593,8384,0.255859375
20,mda35b1dc888.png,jpeg,10,0.7948778762117364,32.484166863476574,0.9303280765546527,11.569421996538939,8106,0.24737548828125
21,mda362944917.png,jpeg,95,0.976663210038819,44.982795518471235,0.9972658719698998,25.631811527293635,77299,2.358978271484375
21,mda362944917.png,jpeg,90,0.9698924039722848,43.784381270249646,0.996013375554201,23.993946744954336,48812,1.4896240234375
21,mda362944917.png,jpeg,85,0.9645413480271658,42.96972506626563,0.9946997449740852,22.757032334779026,35754,1.09112548828125
21,mda362944917.png,jpeg,80,0.9596349577306674,42.27042386237357,0.9933464577611083,21.769470817301958,28368,0.86572265625
21,mda362944917.png,jpeg,75,0.9560074154552952,41.75609538617714,0.9919938009318899,20.96573615691455,23826,0.72711181640625
21,mda362944917.png,jpeg,70,0.9525224526700495,41.24601033872952,0.9908842135045356,20.402058551598856,21362,0.65191650390625
21,mda362944917.png,jpeg,65,0.9494107565588225,40.855738466669386,0.9897685383120534,19.900623176404608,19392,0.591796875
21,mda362944917.png,jpeg,60,0.9466781194595014,40.54448314706643,0.9885060925743029,19.395323050856355,17983,0.548797607421875
21,mda362944917.png,jpeg,55,0.9436530857366822,40.2045909510542,0.9877114329132308,19.104987552412855,16916,0.5162353515625
21,mda362944917.png,jpeg,50,0.9409847863942992,39.92016395843926,0.9868434291678755,18.80857291782299,16047,0.489715576171875
21,mda362944917.png,jpeg,45,0.9377433858485723,39.590238812840234,0.9852569813154856,18.314135840616107,15224,0.464599609375
21,mda362944917.png,jpeg,40,0.9339229787037802,39.23723287484243,0.9838446950394778,17.916848394772295,14336,0.4375
21,mda362944917.png,jpeg,35,0.9285879666630175,38.7165869631403,0.9811767171615603,17.253046320093326,13603,0.415130615234375
21,mda362944917.png,jpeg,30,0.9234950823020189,38.11598085640476,0.9792018822001081,16.819759662924184,12769,0.389678955078125
21,mda362944917.png,jpeg,25,0.9148357042166557,37.34519205236838,0.9733193030865527,15.738028306133742,11907,0.363372802734375
21,mda362944917.png,jpeg,20,0.9034491880224221,36.325482464761365,0.9700388411372824,15.234413926431285,11020,0.3363037109375
21,mda362944917.png,jpeg,15,0.874329598257518,34.24226446017289,0.9569941827230988,13.664727946441367,10220,0.3118896484375
21,mda362944917.png,jpeg,10,0.8192863209235813,31.03253405476872,0.8959862989064571,9.829094499569365,9354,0.28546142578125
22,mda6bd069cb0.png,jpeg,95,0.9855989068547967,45.89100660430395,0.9982691418328862,27.61738518354243,76662,2.33953857421875
22,mda6bd069cb0.png,jpeg,90,0.9810589873802379,44.425912271181254,0.9973924286595918,25.837638008988236,48982,1.49481201171875
22,mda6bd069cb0.png,jpeg,85,0.9775369907805898,43.48902437370765,0.9965354538647588,24.603536510581655,37245,1.136627197265625
22,mda6bd069cb0.png,jpeg,80,0.9738659141400471,42.63411996449399,0.9956692007148243,23.634319435757657,30791,0.939666748046875
22,mda6bd069cb0.png,jpeg,75,0.970343603112772,41.963965993666086,0.9946423000737797,22.710216139894982,26593,0.811553955078125
22,mda6bd069cb0.png,jpeg,70,0.9679517708066396,41.527084964210744,0.9938212925750062,22.091023690707505,24184,0.738037109375
22,mda6bd069cb0.png,jpeg,65,0.9646372969859848,40.97085148093729,0.9927886636938044,21.419842503107684,22184,0.677001953125
22,mda6bd069cb0.png,jpeg,60,0.9608622746709442,40.40554929130474,0.9918965275633501,20.913288407610313,20607,0.628875732421875
22,mda6bd069cb0.png,jpeg,55,0.9579913448566048,40.00787138469291,0.9908954068903673,20.407394583468022,19328,0.58984375
22,mda6bd069cb0.png,jpeg,50,0.955893409268111,39.78647490331136,0.990087281666089,20.038072339574647,18324,0.5592041015625
22,mda6bd069cb0.png,jpeg,45,0.9512610073985482,39.25005995049643,0.9887586027407613,19.491797044019357,17367,0.529998779296875
22,mda6bd069cb0.png,jpeg,40,0.9475419295815216,38.8815009883824,0.9873801322121524,18.9894519495789,16290,0.49713134765625
22,mda6bd069cb0.png,jpeg,35,0.9402116788736841,38.197668271410436,0.9855165354598651,18.391275396105705,15369,0.469024658203125
22,mda6bd069cb0.png,jpeg,30,0.9348194716618314,37.618590420994586,0.9831262319704938,17.727879256091544,14288,0.43603515625
22,mda6bd069cb0.png,jpeg,25,0.9249315742593002,36.850482340593146,0.9788691206117522,16.75082428857936,13228,0.4036865234375
22,mda6bd069cb0.png,jpeg,20,0.9086457741802242,35.74477258047295,0.9730370689088904,15.692328982086043,12070,0.36834716796875
22,mda6bd069cb0.png,jpeg,15,0.8763026782919988,33.87158860024603,0.9596501715303132,13.941583071581892,10973,0.334869384765625
22,mda6bd069cb0.png,jpeg,10,0.8329378075542994,31.602289523715584,0.9355675026678028,11.908950355545702,9760,0.2978515625
23,mdab5dc4b068.png,jpeg,95,0.9816430569100548,42.41672501060977,0.998123960183061,27.267579484231756,121117,3.696197509765625
23,mdab5dc4b068.png,jpeg,90,0.9745143709823618,40.83745221405515,0.9971070075347286,25.3865269745997,81495,2.487030029296875
23,mdab5dc4b068.png,jpeg,85,0.9686296301904749,39.8776229423999,0.9961008794032375,24.090333322142946,64064,1.955078125
23,mdab5dc4b068.png,jpeg,80,0.9628518378284117,39.10010926752357,0.9950495797319361,23.053579298839466,53565,1.634674072265625
23,mdab5dc4b068.png,jpeg,75,0.9572162796692435,38.423308826217045,0.9939245062612789,22.164184223734622,46235,1.410980224609375
23,mdab5dc4b068.png,jpeg,70,0.9524191413515721,37.90977036859036,0.9928466470991753,21.454903491062364,41730,1.27349853515625
23,mdab5dc4b068.png,jpeg,65,0.9475155442435571,37.418102464920686,0.9917892196849571,20.856155675561215,37738,1.15167236328125
23,mdab5dc4b068.png,jpeg,60,0.9427464184713754,36.98739530386783,0.990675540429752,20.303763297563368,34716,1.0594482421875
23,mdab5dc4b068.png,jpeg,55,0.9381507950412287,36.60165979636786,0.9896509939133046,19.851013576264624,32203,0.982757568359375
23,mdab5dc4b068.png,jpeg,50,0.9337637775844776,36.24085362856025,0.9885734732127781,19.420857579133234,30239,0.922821044921875
23,mdab5dc4b068.png,jpeg,45,0.9286924869651587,35.86037421620216,0.9872629680819347,18.949317628784797,28413,0.867095947265625
23,mdab5dc4b068.png,jpeg,40,0.9216952109737447,35.40371426789863,0.9855236266448826,18.393402246812506,26275,0.801849365234375
23,mdab5dc4b068.png,jpeg,35,0.9144283327129347,34.92373018058573,0.9835619106857255,17.84148664198122,24522,0.74835205078125
23,mdab5dc4b068.png,jpeg,30,0.9036123466196258,34.26821022814381,0.9806274681334967,17.128136160493753,22419,0.684173583984375
23,mdab5dc4b068.png,jpeg,25,0.8905228657436375,33.59087195815969,0.9766588734706304,16.3187818712174,20183,0.615936279296875
23,mdab5dc4b068.png,jpeg,20,0.8680561848196088,32.54232276946473,0.9704104127440624,15.288610927548422,17751,0.541717529296875
23,mdab5dc4b068.png,jpeg,15,0.8352961748016265,31.222066401912485,0.9568249049602577,13.647666977630468,15123,0.461517333984375
23,mdab5dc4b068.png,jpeg,10,0.7755087652656817,29.325718163972624,0.9324609753402978,11.704452153613687,12392,0.378173828125
24,mdac31e475a8.png,jpeg,95,0.9451043676659846,41.192224502907095,0.9936391863585881,21.964873281606224,108204,3.3021240234375
24,mdac31e475a8.png,jpeg,90,0.9216542512202232,39.66813817456654,0.9895273556579932,19.799436451462554,66162,2.01910400390625
24,mdac31e475a8.png,jpeg,85,0.9060070075510954,38.86768438275511,0.9861297085913578,18.579144144973135,48400,1.47705078125
24,mdac31e475a8.png,jpeg,80,0.8933856407223314,38.28901253806222,0.9829623935615405,17.685914179956416,37929,1.157501220703125
24,mdac31e475a8.png,jpeg,75,0.88177235482384,37.79187518996751,0.9796601617821025,16.91652505757119,30276,0.9239501953125
24,mdac31e475a8.png,jpeg,70,0.8724618342437959,37.43199015124857,0.9767356620504771,16.333093019942456,25513,0.778594970703125
24,mdac31e475a8.png,jpeg,65,0.8632318361983117,37.100515520318886,0.9736293840190724,15.78879725572763,21515,0.656585693359375
24,mdac31e475a8.png,jpeg,60,0.8562150472814336,36.846379018375124,0.9704937677311007,15.300862432040056,18656,0.5693359375
24,mdac31e475a8.png,jpeg,55,0.8507891186006207,36.66134999813117,0.967786321340116,14.919596778358727,16433,0.501495361328125
24,mdac31e475a8.png,jpeg,50,0.8444530642241453,36.43810878822491,0.9649538709468728,14.55359944136868,14837,0.452789306640625
24,mdac31e475a8.png,jpeg,45,0.8387231956858748,36.21684436308075,0.9620784339988472,14.21113736428476,13465,0.410919189453125
24,mdac31e475a8.png,jpeg,40,0.8336972307544409,36.023573994427316,0.9584618548488891,13.815529004013678,12132,0.3702392578125
24,mdac31e475a8.png,jpeg,35,0.8287628198523945,35.85487256353375,0.9551626691244303,13.483602484524775,11235,0.342864990234375
24,mdac31e475a8.png,jpeg,30,0.8206940566052231,35.40998970286295,0.9492164013952807,12.942765275899514,10367,0.316375732421875
24,mdac31e475a8.png,jpeg,25,0.8139744866238847,35.08120190987831,0.942187268211671,12.379765086984625,9631,0.293914794921875
24,mdac31e475a8.png,jpeg,20,0.8036946468081557,34.542845343683496,0.9352695533595162,11.888913963371092,9056,0.2763671875
24,mdac31e475a8.png,jpeg,15,0.7872094194034217,33.33057718281673,0.9186034435148782,10.893939677292677,8598,0.26239013671875
24,mdac31e475a8.png,jpeg,10,0.7784496440997106,32.08170385854657,0.9064692878033975,10.290457586741752,8127,0.248016357421875
25,mdb09a88eb2a.png,jpeg,95,0.9769586013990533,42.76791363548195,0.9978172066646421,26.609873809021405,110352,3.36767578125
25,mdb09a88eb2a.png,jpeg,90,0.968108848850676,41.09634318832582,0.9967305234017783,24.855217668191973,72421,2.210113525390625
25,mdb09a88eb2a.png,jpeg,85,0.9609228474088899,40.062554043364145,0.9957120519494951,23.677504848627954,55424,1.69140625
25,mdb09a88eb2a.png,jpeg,80,0.9543003033540977,39.269308765416866,0.9946772377055026,22.738629282464103,45367,1.384490966796875
25,mdb09a88eb2a.png,jpeg,75,0.9485470956365037,38.62601926076933,0.9937094434962914,22.013109323291516,38415,1.172332763671875
25,mdb09a88eb2a.png,jpeg,70,0.9436055431722195,38.14289486432451,0.9928457648379434,21.454367885503423,34369,1.048858642578125
25,mdb09a88eb2a.png,jpeg,65,0.9383280791344903,37.67508152456181,0.9919589091334166,20.946850302066593,31021,0.946685791015625
25,mdb09a88eb2a.png,jpeg,60,0.9348826294972746,37.31306619652676,0.9912312584218205,20.570627287396867,28653,0.874420166015625
25,mdb09a88eb2a.png,jpeg,55,0.9303651381000922,36.97872437732788,0.9904131803040179,20.183254405411382,26716,0.8153076171875
25,mdb09a88eb2a.png,jpeg,50,0.9263304259366398,36.595439346526135,0.9895248293477398,19.79838893160594,25156,0.7677001953125
25,mdb09a88eb2a.png,jpeg,45,0.9220043119227338,36.290595819859675,0.988841315133361,19.52386987192147,23697,0.723175048828125
25,mdb09a88eb2a.png,jpeg,40,0.9172250970075968,35.92568798281169,0.9875859628014848,19.060869575904093,22116,0.6749267578125
25,mdb09a88eb2a.png,jpeg,35,0.9118834480241942,35.486042375310134,0.9865618545058156,18.716606611344083,20721,0.632354736328125
25,mdb09a88eb2a.png,jpeg,30,0.9028725702577526,34.967949316491705,0.9846431042790188,18.136965647407195,19136,0.583984375
25,mdb09a88eb2a.png,jpeg,25,0.8950478907746394,34.29540569085328,0.9823934891785884,17.543267020195547,17530,0.53497314453125
25,mdb09a88eb2a.png,jpeg,20,0.8769946909503331,33.39788928825274,0.9783579785743275,16.647021773448124,15863,0.484100341796875
25,mdb09a88eb2a.png,jpeg,15,0.8409062847899857,32.19338283262899,0.972049939060472,15.536172408841091,14046,0.42864990234375
25,mdb09a88eb2a.png,jpeg,10,0.8035393086440198,30.42763675999215,0.9577533561883483,13.742077868793825,11952,0.36474609375
26,mdb6a86e221a.png,jpeg,95,0.9764851159858515,44.54141240640271,0.9972785305160202,25.65196531092818,83082,2.53546142578125
26,mdb6a86e221a.png,jpeg,90,0.9693559019492213,43.26758358629952,0.9959953830348759,23.97439017129873,52796,1.6112060546875
26,mdb6a86e221a.png,jpeg,85,0.9640326291794185,42.43837852967285,0.9947642036212111,22.81017251595674,38799,1.184051513671875
26,mdb6a86e221a.png,jpeg,80,0.9591426141360527,41.74538703976218,0.9935237488709221,21.886763189893603,30989,0.945709228515625
26,mdb6a86e221a.png,jpeg,75,0.9546725671330836,41.12039659880516,0.9922328557975867,21.09738631792675,25971,0.792572021484375
26,mdb6a86e221a.png,jpeg,70,0.9515466754839373,40.72917419371636,0.9911791751286362,20.54490800318185,23208,0.708251953125
26,mdb6a86e221a.png,jpeg,65,0.947736376837692,40.23531323953276,0.9901846702512634,20.080951055748137,20986,0.64044189453125
26,mdb6a86e221a.png,jpeg,60,0.9442985305850358,39.83915957032764,0.9889643998289485,19.572040427571515,19337,0.590118408203125
26,mdb6a86e221a.png,jpeg,55,0.941492342547853,39.49054507983472,0.9881793431993966,19.273583917328533,18037,0.550445556640625
26,mdb6a86e221a.png,jpeg,50,0.9387052806791671,39.25169817533666,0.987237989660852,18.940809078696283,17064,0.520751953125
26,mdb6a86e221a.png,jpeg,45,0.9351402854743731,38.87481583034348,0.9858108375611677,18.480432394212357,16190,0.49407958984375
26,mdb6a86e221a.png,jpeg,40,0.9306596715590295,38.45906326676021,0.9843478541015763,18.054261125612243,15173,0.463043212890625
26,mdb6a86e221a.png,jpeg,35,0.9248117692809109,37.94426243316431,0.9822906739961431,17.517979672331812,14349,0.437896728515625
26,mdb6a86e221a.png,jpeg,30,0.9159977121360074,37.11909550374062,0.9785607549288267,16.687905112925133,13385,0.408477783203125
26,mdb6a86e221a.png,jpeg,25,0.9075467082878688,36.550607842051654,0.9747652650577332,15.98001252599226,12496,0.38134765625
26,mdb6a86e221a.png,jpeg,20,0.8930130463542144,35.51788566079968,0.9682469194993935,14.982141355840417,11518,0.35150146484375
26,mdb6a86e221a.png,jpeg,15,0.866455632970418,33.97705791200032,0.9535964449482446,13.334487461645825,10535,0.321502685546875
26,mdb6a86e221a.png,jpeg,10,0.8201169666722129,31.300145656763497,0.9317192443724632,11.657016814200198,9463,0.288787841796875
27,mdb9a0e27072.png,jpeg,95,0.9883734147563628,42.463535512041176,0.9986740804656428,28.774828310179625,136177,4.155792236328125
27,mdb9a0e27072.png,jpeg,90,0.9813134594007548,40.03128027869529,0.9976462300958117,26.282359944346037,93360,2.84912109375
27,mdb9a0e27072.png,jpeg,85,0.9748303778776178,38.51703119646413,0.9965923613407378,24.675464633796448,73389,2.239654541015625
27,mdb9a0e27072.png,jpeg,80,0.9683356787452996,37.358887958560445,0.9954636977568532,23.432980171314846,61369,1.872833251953125
27,mdb9a0e27072.png,jpeg,75,0.9619949369584804,36.42416867862637,0.9942545731727553,22.40677702079021,52685,1.607818603515625
27,mdb9a0e27072.png,jpeg,70,0.95672215956005,35.74218970554782,0.9932100278016496,21.68132003941548,47207,1.440643310546875
27,mdb9a0e27072.png,jpeg,65,0.9508057622087819,35.103415293677116,0.9919851146816488,20.961026874038595,42680,1.302490234375
27,mdb9a0e27072.png,jpeg,60,0.9457341477664455,34.60217233901083,0.990887638981857,20.403690824889374,39300,1.1993408203125
27,mdb9a0e27072.png,jpeg,55,0.9410145993458996,34.19293028360882,0.9898134150938972,19.91971390578859,36533,1.114898681640625
27,mdb9a0e27072.png,jpeg,50,0.9367784925924433,33.83444114451308,0.9888328565012767,19.520579031058304,34324,1.0474853515625
27,mdb9a0e27072.png,jpeg,45,0.9317621715188326,33.43720051163518,0.9875067716786454,19.03325322955996,32272,0.98486328125
27,mdb9a0e27072.png,jpeg,40,0.9249598040225422,32.98988184326854,0.9858181098051112,18.482658815294194,29991,0.915252685546875
27,mdb9a0e27072.png,jpeg,35,0.9180056957242869,32.527640351414234,0.9840193444969779,17.96405410534751,28033,0.855499267578125
27,mdb9a0e27072.png,jpeg,30,0.9091495483506485,31.9426509738196,0.9813665915038304,17.297076949867712,25706,0.78448486328125
27,mdb9a0e27072.png,jpeg,25,0.8962234922231206,31.32823367089504,0.9773889606718954,16.456794746255945,23317,0.711578369140625
27,mdb9a0e27072.png,jpeg,20,0.8786078321659927,30.466300033432105,0.9720659096944669,15.538654671969653,20690,0.63140869140625
27,mdb9a0e27072.png,jpeg,15,0.8507507599415968,29.32115911840562,0.9613375598675523,14.127107394793626,17980,0.5487060546875
27,mdb9a0e27072.png,jpeg,10,0.8081144166792287,27.859427676709764,0.9444693560625136,12.554672903870488,14586,0.44512939453125
28,mdd3ff22ee28.png,jpeg,95,0.9466224880581598,40.413193370890184,0.9945279877882484,22.618529420828168,117075,3.572845458984375
28,mdd3ff22ee28.png,jpeg,90,0.9218534256350557,38.871658832231624,0.9911953483015106,20.55287819528161,72341,2.207672119140625
28,mdd3ff22ee28.png,jpeg,85,0.9061335574092292,38.095855433912405,0.988540350250874,19.40828655871803,53998,1.64788818359375
28,mdd3ff22ee28.png,jpeg,80,0.8937685388671932,37.5483919628102,0.9860932561388155,18.56774544246563,43261,1.320220947265625
28,mdd3ff22ee28.png,jpeg,75,0.8820318937292037,37.07108785365292,0.9834805950826373,17.820056014321345,35324,1.0780029296875
28,mdd3ff22ee28.png,jpeg,70,0.8725573163375261,36.71984042390649,0.9812916587528205,17.279647169966225,30403,0.927825927734375
28,mdd3ff22ee28.png,jpeg,65,0.8631973270550998,36.38722519024003,0.978953495123242,16.768200156842738,26322,0.80328369140625
28,mdd3ff22ee28.png,jpeg,60,0.855230398485681,36.1155686105999,0.9767894915162887,16.34315345142919,23414,0.71453857421875
28,mdd3ff22ee28.png,jpeg,55,0.84766361562429,35.89346538834602,0.9748806098544536,15.999909087102813,21046,0.64227294921875
28,mdd3ff22ee28.png,jpeg,50,0.8410335597270513,35.664065893043016,0.9727073201918359,15.639538198171099,19293,0.588775634765625
28,mdd3ff22ee28.png,jpeg,45,0.834752375123796,35.46817907018017,0.970705977289953,15.332209860918134,17745,0.541534423828125
28,mdd3ff22ee28.png,jpeg,40,0.8258643394252193,35.18225989159872,0.9676493566027411,14.9011707755786,16047,0.489715576171875
28,mdd3ff22ee28.png,jpeg,35,0.8187190110877879,34.96789009641119,0.9649808432509377,14.556943158093485,14822,0.45233154296875
28,mdd3ff22ee28.png,jpeg,30,0.807477663192587,34.54648555125369,0.9600991629257932,13.990179932131108,13455,0.410614013671875
28,mdd3ff22ee28.png,jpeg,25,0.7958704640733848,34.17215656727062,0.9547150451964312,13.440460613665227,12178,0.37164306640625
28,mdd3ff22ee28.png,jpeg,20,0.7787717663625354,33.571645256444654,0.9454938935410743,12.635548398728142,10958,0.33441162109375
28,mdd3ff22ee28.png,jpeg,15,0.7548485715111873,32.688938859174115,0.9301839844318422,11.560449401987164,9845,0.300445556640625
28,mdd3ff22ee28.png,jpeg,10,0.7157550889545597,31.00052539357496,0.899607457441844,9.982985466146035,8827,0.269378662109375
29,mdd67c45902a.png,jpeg,95,0.9861096694566162,46.434617222826674,0.9982943345351213,27.681061437452353,70247,2.143768310546875
29,mdd67c45902a.png,jpeg,90,0.9824708483777863,45.02822662356418,0.9974774561764869,25.981612801377874,43851,1.338226318359375
29,mdd67c45902a.png,jpeg,85,0.9798265712695167,44.08886769787584,0.9967505579865183,24.88191208642945,33616,1.02587890625
29,mdd67c45902a.png,jpeg,80,0.9771437435021183,43.24572754752246,0.9960249788072619,24.006605515698595,28069,0.856597900390625
29,mdd67c45902a.png,jpeg,75,0.974626232267357,42.606823453471236,0.995340201606055,23.316328726428807,24531,0.748626708984375
29,mdd67c45902a.png,jpeg,70,0.9721026923546449,42.061027932005366,0.9945187775064885,22.611225687099367,22364,0.6824951171875
29,mdd67c45902a.png,jpeg,65,0.9693862893665907,41.46508482189331,0.993650582047471,21.972660844073346,20535,0.626678466796875
29,mdd67c45902a.png,jpeg,60,0.9662651734598989,40.93641144956523,0.9927982437950096,21.425615845225607,19223,0.586639404296875
29,mdd67c45902a.png,jpeg,55,0.9637895847109027,40.552255821673114,0.992160446981677,21.05708698439259,18153,0.553985595703125
29,mdd67c45902a.png,jpeg,50,0.9616761254403471,40.228705836517015,0.9912710158725974,20.590362962182457,17328,0.52880859375
29,mdd67c45902a.png,jpeg,45,0.9584519189571058,39.77268170019811,0.9904858792366786,20.216313403544994,16521,0.504180908203125
29,mdd67c45902a.png,jpeg,40,0.9541890970474998,39.21554854422161,0.9889744227711265,19.57598664376925,15595,0.475921630859375
29,mdd67c45902a.png,jpeg,35,0.9494506864977778,38.641042850081476,0.9869648143948626,18.84882780628134,14816,0.4521484375
29,mdd67c45902a.png,jpeg,30,0.9432981690849115,37.8531542784684,0.9847081587581933,18.155402194265648,13820,0.4217529296875
29,mdd67c45902a.png,jpeg,25,0.9344408587021,36.99707091831972,0.981510306095465,17.330702784931653,12835,0.391693115234375
29,mdd67c45902a.png,jpeg,20,0.9230550904047008,35.94396787412747,0.9765016305336631,16.289622720406143,11808,0.3603515625
29,mdd67c45902a.png,jpeg,15,0.9006951356369509,34.32105848565374,0.9660530612244256,14.691993828803238,10723,0.327239990234375
29,mdd67c45902a.png,jpeg,10,0.8652083853915271,32.060369493044,0.94378774073746,12.501689593514968,9570,0.29205322265625
30,mdd85dbada16.png,jpeg,95,0.9624258572888702,40.96340972801024,0.9959824218152691,23.960356628242792,126608,3.86376953125
30,mdd85dbada16.png,jpeg,90,0.9454370177373098,39.33991268272528,0.993392355541098,21.799533333769983,81120,2.4755859375
30,mdd85dbada16.png,jpeg,85,0.9335248168120125,38.46029780362449,0.9912647263364723,20.587234846480523,61770,1.88507080078125
30,mdd85dbada16.png,jpeg,80,0.9238569519324181,37.82640630191052,0.9892918350440318,19.702849472614467,50614,1.54461669921875
30,mdd85dbada16.png,jpeg,75,0.9147940626374936,37.27307155814876,0.987297986741032,18.961274382593878,42459,1.295745849609375
30,mdd85dbada16.png,jpeg,70,0.9070722208194816,36.85691316494308,0.9854545237986063,18.372720559052595,37260,1.1370849609375
30,mdd85dbada16.png,jpeg,65,0.8992940390318206,36.448556145643096,0.9834344911480868,17.807952191129104,32726,0.99871826171875
30,mdd85dbada16.png,jpeg,60,0.8931667603686995,36.13215328085928,0.981597841512229,17.351312332758656,29507,0.900482177734375
30,mdd85dbada16.png,jpeg,55,0.8867828145115993,35.839281193395834,0.9797131685269261,16.927857785564118,26875,0.820159912109375
30,mdd85dbada16.png,jpeg,50,0.8815765554674564,35.58896311173217,0.9779848578242191,16.572785054823235,24800,0.7568359375
30,mdd85dbada16.png,jpeg,45,0.8761795878568196,35.33632213255111,0.9761899961571994,16.23240534502429,22968,0.700927734375
30,mdd85dbada16.png,jpeg,40,0.8690540182072556,34.99822790510996,0.9736896807830809,15.7987388268946,21034,0.64190673828125
30,mdd85dbada16.png,jpeg,35,0.861747060470806,34.66081451516354,0.9708169170152275,15.348688299015073,19451,0.593597412109375
30,mdd85dbada16.png,jpeg,30,0.8526379383505301,34.20265207562772,0.9662980323617206,14.723447427636383,17712,0.54052734375
30,mdd85dbada16.png,jpeg,25,0.8428311237109751,33.77067130511427,0.963025312990119,14.320954936111747,16097,0.491241455078125
30,mdd85dbada16.png,jpeg,20,0.8283191474028838,33.07487997353784,0.9565476015152009,13.619862463737913,14388,0.4390869140625
30,mdd85dbada16.png,jpeg,15,0.8024103971086715,31.96090180521707,0.943078434021579,12.447231604775666,12752,0.38916015625
30,mdd85dbada16.png,jpeg,10,0.7495718920016196,29.86923391632867,0.9059450511579173,10.266183484574174,11034,0.33673095703125
31,mdeaca710445.png,jpeg,95,0.9440540597197328,39.22081938274894,0.9939355290427239,22.172070794399655,134329,4.099395751953125
31,mdeaca710445.png,jpeg,90,0.910871091826358,37.17733441000182,0.9888824633434823,19.539914299296576,80369,2.452667236328125
31,mdeaca710445.png,jpeg,85,0.8919078067146081,36.34714798447276,0.9851537179254698,18.28382292251057,59920,1.82861328125
31,mdeaca710445.png,jpeg,80,0.8777658826651186,35.81949099467133,0.9819086860289944,17.42529889213516,48171,1.470062255859375
31,mdeaca710445.png,jpeg,75,0.8652002315992583,35.38286552398215,0.9787261952859994,16.721548317461593,39655,1.210174560546875
31,mdeaca710445.png,jpeg,70,0.8552057308989006,35.05512830929304,0.9758326191922688,16.167704146476545,34082,1.04010009765625
31,mdeaca710445.png,jpeg,65,0.8441261005704459,34.73298823582732,0.9726043501593818,15.623183933914426,29444,0.8985595703125
31,mdeaca710445.png,jpeg,60,0.8351880166383561,34.47810192852884,0.9696601756442595,15.179869377732008,25907,0.790618896484375
31,mdeaca710445.png,jpeg,55,0.8272784668084561,34.25173616157749,0.9668143633151125,14.790498457609516,23075,0.704193115234375
31,mdeaca710445.png,jpeg,50,0.8195085641707899,34.025530074807676,0.9640551452521026,14.443632670201492,20975,0.640106201171875
31,mdeaca710445.png,jpeg,45,0.8135485563413652,33.845024062891355,0.9608340667804014,14.070915209203395,19159,0.584686279296875
31,mdeaca710445.png,jpeg,40,0.8027026208000821,33.581869905277124,0.9576895295562601,13.73552145787012,17254,0.52655029296875
31,mdeaca710445.png,jpeg,35,0.7975796006729836,33.3510429482641,0.9540954732910162,13.381444859703993,15806,0.48236083984375
31,mdeaca710445.png,jpeg,30,0.7845408105797663,33.01767170956794,0.9494790052727177,12.965281070415537,14325,0.437164306640625
31,mdeaca710445.png,jpeg,25,0.7728767163125098,32.546711572002586,0.9414346339495461,12.32359137903644,13032,0.397705078125
31,mdeaca710445.png,jpeg,20,0.7629717558317183,32.134142511154494,0.9364228744520626,11.96699111320417,11798,0.36004638671875
31,mdeaca710445.png,jpeg,15,0.7343728853308485,31.150772123725385,0.9191483271675552,10.923109900509116,10802,0.32965087890625
31,mdeaca710445.png,jpeg,10,0.7197096459867489,30.11276984058022,0.9088358988000149,10.401761454436336,9644,0.2943115234375
32,mdeccf474dbb.png,jpeg,95,0.9654530038136889,39.6770376270016,0.9959989054554113,23.978211862595774,157706,4.81280517578125
32,mdeccf474dbb.png,jpeg,90,0.9429464790852206,37.519687692994886,0.9920412347264609,20.991543036797093,101641,3.101837158203125
32,mdeccf474dbb.png,jpeg,85,0.9266776564016749,36.430674907165525,0.9884816472191296,19.386096241531277,78026,2.38116455078125
32,mdeccf474dbb.png,jpeg,80,0.9135046585415715,35.716383416532985,0.9852306704036644,18.306392175668552,64767,1.976531982421875
32,mdeccf474dbb.png,jpeg,75,0.9014302275063454,35.13233601898248,0.9819124374467085,17.426199539239175,55363,1.689544677734375
32,mdeccf474dbb.png,jpeg,70,0.8916263222809148,34.70733252072822,0.9791061622350961,16.799817817985193,49189,1.501129150390625
32,mdeccf474dbb.png,jpeg,65,0.8809189961682571,34.279140966608765,0.9759839263546961,16.1949799333448,43906,1.33990478515625
32,mdeccf474dbb.png,jpeg,60,0.8712916769187112,33.926721386340176,0.9727851670777453,15.651943275664767,39753,1.213165283203125
32,mdeccf474dbb.png,jpeg,55,0.8615033155478214,33.5896764652079,0.9696826303253095,15.18308480656094,36269,1.106842041015625
32,mdeccf474dbb.png,jpeg,50,0.8518442593372675,33.28156876614384,0.96621622687441,14.712918480712847,33388,1.0189208984375
32,mdeccf474dbb.png,jpeg,45,0.8418278340785473,32.9840719236729,0.9628872992393505,14.30477440079457,30697,0.936798095703125
32,mdeccf474dbb.png,jpeg,40,0.829117775112436,32.632769059307385,0.958121012186976,13.780038234719571,27734,0.84637451171875
32,mdeccf474dbb.png,jpeg,35,0.8151909229867981,32.245482763119455,0.9523884915815162,13.222880590748176,25100,0.7659912109375
32,mdeccf474dbb.png,jpeg,30,0.7971790328165155,31.815846801802095,0.9444905924990096,12.55633408236932,22154,0.67608642578125
32,mdeccf474dbb.png,jpeg,25,0.7743181785964929,31.29500735294637,0.9338124602566764,11.792237617695775,19267,0.587982177734375
32,mdeccf474dbb.png,jpeg,20,0.7423442456185595,30.62294904885269,0.9158641994138365,10.750191684275352,16286,0.49700927734375
32,mdeccf474dbb.png,jpeg,15,0.6994463975146553,29.817742429058157,0.8932394853327955,9.715893412484476,13366,0.40789794921875
32,mdeccf474dbb.png,jpeg,10,0.6176258678479165,28.334751474209426,0.8370680676329527,7.879937917397257,10585,0.323028564453125
33,mdee4ebe8399.png,jpeg,95,0.967285430914201,43.12338336455312,0.9962806203822431,24.295294931970165,92159,2.812469482421875
33,mdee4ebe8399.png,jpeg,90,0.9558729459749671,41.65676489130186,0.994311443988092,22.44997961310976,57948,1.7684326171875
33,mdee4ebe8399.png,jpeg,85,0.9474075989829327,40.77835989591372,0.9924936593963265,21.245717331630317,42394,1.29376220703125
33,mdee4ebe8399.png,jpeg,80,0.9400785994492282,40.08998827205511,0.9906600011495709,20.296531772230452,33120,1.0107421875
33,mdee4ebe8399.png,jpeg,75,0.9337759091803969,39.53162853435834,0.9887655133399087,19.49446767106272,26970,0.82305908203125
33,mdee4ebe8399.png,jpeg,70,0.9294828407092351,39.14996261542306,0.9870491269163977,18.87700952616754,23425,0.714874267578125
33,mdee4ebe8399.png,jpeg,65,0.9251025114685824,38.78219163505221,0.9855260391361839,18.3941260599846,20738,0.63287353515625
33,mdee4ebe8399.png,jpeg,60,0.9221237785206355,38.50739060260451,0.9842294864478676,18.02154164044222,18901,0.576812744140625
33,mdee4ebe8399.png,jpeg,55,0.9187255158786923,38.200074001321,0.9829839643533073,17.691416133059775,17500,0.5340576171875
33,mdee4ebe8399.png,jpeg,50,0.9155476009502386,37.91787624207384,0.9818495700927206,17.411130838979496,16515,0.503997802734375
33,mdee4ebe8399.png,jpeg,45,0.9122967626490861,37.61669554117164,0.9801744667516894,17.027751226139273,15591,0.475799560546875
33,mdee4ebe8399.png,jpeg,40,0.9081988752050046,37.28567275405489,0.9785833178882316,16.692478095153948,14608,0.44580078125
33,mdee4ebe8399.png,jpeg,35,0.9044389015353257,36.902753807904226,0.9769978849364718,16.382322284090726,13790,0.42083740234375
33,mdee4ebe8399.png,jpeg,30,0.8983494522434786,36.417267877486225,0.9737808333414831,15.813811159014307,12879,0.393035888671875
33,mdee4ebe8399.png,jpeg,25,0.8898467149839586,35.71129838460827,0.9712882508155425,15.419403484990662,12043,0.367523193359375
33,mdee4ebe8399.png,jpeg,20,0.8802066377727081,34.924301297382364,0.9652510432540116,14.590582295274412,11118,0.33929443359375
33,mdee4ebe8399.png,jpeg,15,0.8578363248683765,33.365528749166,0.9520404295982318,13.191247157520273,10241,0.312530517578125
33,mdee4ebe8399.png,jpeg,10,0.8337671816583451,31.767095875630673,0.9376473258868409,12.051449162402061,9166,0.27972412109375
34,mdf2e8badcdf.png,jpeg,95,0.9583896033729628,39.2054175622715,0.9958604930463877,23.83051383535399,161310,4.92279052734375
34,mdf2e8badcdf.png,jpeg,90,0.9305844307153538,36.934046596509106,0.9919628472452893,20.94897777361128,102529,3.128936767578125
34,mdf2e8badcdf.png,jpeg,85,0.9123440602895473,35.89270916505076,0.989005141045682,19.588103375405087,77793,2.374053955078125
34,mdf2e8badcdf.png,jpeg,80,0.89877204384252,35.24659269539444,0.9864878107385384,18.692742803529182,63994,1.95294189453125
34,mdf2e8badcdf.png,jpeg,75,0.8865642435903052,34.71578739855061,0.9840862088374192,17.982263455041625,54436,1.6612548828125
34,mdf2e8badcdf.png,jpeg,70,0.8769574442748329,34.32491956284442,0.9820373406960526,17.456293672491725,48222,1.47161865234375
34,mdf2e8badcdf.png,jpeg,65,0.8667698206560382,33.94636119472593,0.9797882123559217,16.9439527334146,42790,1.30584716796875
34,mdf2e8badcdf.png,jpeg,60,0.85772094650603,33.63507105136747,0.9776020993046876,16.497926852000724,38507,1.175140380859375
34,mdf2e8badcdf.png,jpeg,55,0.849028525225607,33.34621655625324,0.9755199368281666,16.111874658098404,34906,1.06524658203125
34,mdf2e8badcdf.png,jpeg,50,0.8410615578612357,33.09713719257266,0.9734219576450516,15.754770108181859,32011,0.976898193359375
34,mdf2e8badcdf.png,jpeg,45,0.8321443848844421,32.8333903041152,0.9708836012109713,15.358623409925325,29170,0.89019775390625
34,mdf2e8badcdf.png,jpeg,40,0.8217655451109827,32.52764617330574,0.9679090857120882,14.936179094380414,26271,0.801727294921875
34,mdf2e8badcdf.png,jpeg,35,0.8113586289232373,32.203703850178016,0.9644671459751857,14.493699082593778,23768,0.725341796875
34,mdf2e8badcdf.png,jpeg,30,0.79765578279027,31.813765263757144,0.9595839766268861,13.934464199665227,21061,0.642730712890625
34,mdf2e8badcdf.png,jpeg,25,0.7824410426112611,31.359279773868984,0.9531891603069267,13.296535684261265,18419,0.562103271484375
34,mdf2e8badcdf.png,jpeg,20,0.7636324218093966,30.794299377473045,0.9453785581826023,12.626368401707408,16013,0.488677978515625
34,mdf2e8badcdf.png,jpeg,15,0.7387113527134822,29.950100213218732,0.9327975519523851,11.726149061990657,13867,0.423187255859375
34,mdf2e8badcdf.png,jpeg,10,0.6964877414420498,28.54938246490047,0.91056659834576,10.485002502767795,11719,0.357635498046875
35,mdf52befb319.png,jpeg,95,0.9765330989212799,44.94994058662847,0.9972266911711676,25.570017657666348,79293,2.419830322265625
35,mdf52befb319.png,jpeg,90,0.9684823636098955,43.41333235374569,0.995717467289829,23.68299311189654,49824,1.5205078125
35,mdf52befb319.png,jpeg,85,0.9624204352765585,42.4730904675716,0.9942343135516972,22.391489792691004,36860,1.1248779296875
35,mdf52befb319.png,jpeg,80,0.9573289265257281,41.68446225543293,0.9928347578846626,21.44769130098668,29448,0.898681640625
35,mdf52befb319.png,jpeg,75,0.9523299458681412,41.10428365746692,0.9910670873751514,20.49006913938171,24865,0.758819580078125
35,mdf52befb319.png,jpeg,70,0.949151920695445,40.708604313724294,0.9903320324570912,20.146648162659673,22292,0.6802978515625
35,mdf52befb319.png,jpeg,65,0.9449787521243644,40.276630375383405,0.9886758118831335,19.45992924768035,20251,0.618011474609375
35,mdf52befb319.png,jpeg,60,0.9425038078991643,39.924006051163715,0.9882022191163821,19.281996741034128,18650,0.56915283203125
35,mdf52befb319.png,jpeg,55,0.9396545852810632,39.58267487006914,0.9872375458972157,18.940658067419264,17489,0.533721923828125
35,mdf52befb319.png,jpeg,50,0.9351906541993582,39.19003290366347,0.9861744636625605,18.59318012003564,16653,0.508209228515625
35,mdf52befb319.png,jpeg,45,0.9322340883813182,38.90092611074102,0.9841747819173217,18.00650296384781,15787,0.481781005859375
35,mdf52befb319.png,jpeg,40,0.9283266648159204,38.55472002757061,0.9831954234100945,17.745724255916585,14904,0.454833984375
35,mdf52befb319.png,jpeg,35,0.9242488956275724,38.144631059352214,0.9816629800402061,17.36671242285209,14096,0.43017578125
35,mdf52befb319.png,jpeg,30,0.9168273845532919,37.410257912427475,0.9789509315458673,16.76767119504412,13182,0.40228271484375
35,mdf52befb319.png,jpeg,25,0.9101346157693455,36.66644450423147,0.9762582563669091,16.244873889019708,12245,0.373687744140625
35,mdf52befb319.png,jpeg,20,0.8996659901817422,35.82930105809065,0.9718185645629774,15.500368896332956,11310,0.34515380859375
35,mdf52befb319.png,jpeg,15,0.8737838601864061,33.85969346821775,0.9546244542742391,13.431781387214212,10474,0.31964111328125
35,mdf52befb319.png,jpeg,10,0.8527251917853801,31.97683922731823,0.9467131348881698,12.733798287303866,9585,0.292510986328125
36,mdf6115b24cc.png,jpeg,95,0.971003583705882,39.595011574313894,0.996887438598208,25.068820724435508,164341,5.015289306640625
36,mdf6115b24cc.png,jpeg,90,0.9542230090296394,36.54761692248862,0.9945014993311374,22.597557177801946,106134,3.23895263671875
36,mdf6115b24cc.png,jpeg,85,0.9416662946186568,35.06223652888164,0.9924149322661748,21.20040536657717,80859,2.467620849609375
36,mdf6115b24cc.png,jpeg,80,0.9312346924367572,34.14604721134151,0.9904318243172389,20.191708591339605,66409,2.026641845703125
36,mdf6115b24cc.png,jpeg,75,0.9214850741734185,33.445649769711814,0.988406874438722,19.35799460411138,56399,1.721160888671875
36,mdf6115b24cc.png,jpeg,70,0.9141056816932861,32.95820269148425,0.986558776804247,18.715612072499482,50159,1.530731201171875
36,mdf6115b24cc.png,jpeg,65,0.9061985412368947,32.50839402077532,0.9846201179960421,18.13046996473895,44969,1.372344970703125
36,mdf6115b24cc.png,jpeg,60,0.8999164768595707,32.15353905078003,0.9829026662236479,17.67071609870935,40994,1.25103759765625
36,mdf6115b24cc.png,jpeg,55,0.8936052078378234,31.835000628655695,0.9812023623186091,17.258967255447956,37697,1.150421142578125
36,mdf6115b24cc.png,jpeg,50,0.8884447270230783,31.572231564998766,0.979648967773275,16.91413557986592,35076,1.0704345703125
36,mdf6115b24cc.png,jpeg,45,0.8823046026628152,31.284468508895173,0.9775899108526913,16.495564158385562,32605,0.995025634765625
36,mdf6115b24cc.png,jpeg,40,0.8749284321329154,30.978935295331453,0.9752465370605615,16.06364035910767,30007,0.915740966796875
36,mdf6115b24cc.png,jpeg,35,0.8676152753892841,30.64946338915444,0.9729139380124511,15.672541319693172,27715,0.845794677734375
36,mdf6115b24cc.png,jpeg,30,0.8570086369245913,30.232506291224365,0.9691811314585991,15.111833096554367,25086,0.76556396484375
36,mdf6115b24cc.png,jpeg,25,0.8424438026445603,29.738366210378402,0.9629450628664044,14.31153919208864,22402,0.68365478515625
36,mdf6115b24cc.png,jpeg,20,0.822330005052082,29.088979991682823,0.9552639420057245,13.493422872657483,19644,0.5994873046875
36,mdf6115b24cc.png,jpeg,15,0.7937462673504972,28.175124524045824,0.9441952607901737,12.533289170968843,16680,0.509033203125
36,mdf6115b24cc.png,jpeg,10,0.7481711078637384,26.855285940930145,0.9207681742886779,11.01100336661859,13455,0.410614013671875
37,mdffb614dda3.png,jpeg,95,0.9688805537465571,42.44119797538299,0.9966159132026173,24.70558506406977,110575,3.374481201171875
37,mdffb614dda3.png,jpeg,90,0.9572200161775912,41.01557128473896,0.9947692338592552,22.814346961557828,71722,2.18878173828125
37,mdffb614dda3.png,jpeg,85,0.9485207505308674,40.146120236615666,0.9931218913651875,21.62530969088731,55238,1.68572998046875
37,mdffb614dda3.png,jpeg,80,0.9403141893639978,39.44027150707069,0.9913995009112933,20.654763458282773,45095,1.376190185546875
37,mdffb614dda3.png,jpeg,75,0.9323912757873272,38.81378577055826,0.9895016141959804,19.788774714347007,37997,1.159576416015625
37,mdffb614dda3.png,jpeg,70,0.9261518775052563,38.361471033997624,0.9878374419526441,19.149750739929694,33676,1.0277099609375
37,mdffb614dda3.png,jpeg,65,0.9197130536574227,37.91292905768866,0.9860327609147077,18.548894327207012,30044,0.9168701171875
37,mdffb614dda3.png,jpeg,60,0.9139358065155997,37.543146993473805,0.9843792443043643,18.06297959798935,27341,0.834381103515625
37,mdffb614dda3.png,jpeg,55,0.9088686008249187,37.23385717971599,0.9829559927565433,17.68428289902669,25168,0.76806640625
37,mdffb614dda3.png,jpeg,50,0.9034643471292801,36.915410707271874,0.9810663401514231,17.227654294375625,23478,0.71649169921875
37,mdffb614dda3.png,jpeg,45,0.8977411446458191,36.61171755052304,0.9792476590646834,16.82932906279732,21944,0.669677734375
37,mdffb614dda3.png,jpeg,40,0.8903149785550046,36.22268120535508,0.9768260979193376,16.350008324415008,20307,0.619720458984375
37,mdffb614dda3.png,jpeg,35,0.8829312779092325,35.8089343891919,0.9740489827770464,15.858456140907759,18918,0.57733154296875
37,mdffb614dda3.png,jpeg,30,0.8718651957489653,35.213793861298996,0.9697063773752634,15.186487890025806,17280,0.52734375
37,mdffb614dda3.png,jpeg,25,0.8568145700407112,34.552576449395296,0.9639240857748017,14.427826543321004,15627,0.476898193359375
37,mdffb614dda3.png,jpeg,20,0.8375620746113716,33.72026270532362,0.9561203429257247,13.577367751568499,13791,0.420867919921875
37,mdffb614dda3.png,jpeg,15,0.802279030388518,32.460534255404966,0.9383413009724156,12.100056429423336,11896,0.363037109375
37,mdffb614dda3.png,jpeg,10,0.744112603450965,30.037550281116793,0.9018725269048263,10.082093846359657,10088,0.307861328125
38,mdffdd208406.png,jpeg,95,0.9885292937209883,42.86471190982532,0.9989390676094997,29.74312291280752,134063,4.091278076171875
38,mdffdd208406.png,jpeg,90,0.9839278241184508,41.1969649871442,0.9983675106695573,27.871496484878087,94132,2.8726806640625
38,mdffdd208406.png,jpeg,85,0.9797888638817569,40.14553354107707,0.9978159761217268,26.607426177321337,76139,2.323577880859375
38,mdffdd208406.png,jpeg,80,0.9757984647545538,39.31293891634705,0.99723834624649,25.588307726676717,65083,1.986175537109375
38,mdffdd208406.png,jpeg,75,0.9715721834000859,38.56876622873319,0.996634880817397,24.729995497371235,57011,1.739837646484375
38,mdffdd208406.png,jpeg,70,0.9677505380618822,37.98829540135317,0.9960613362964575,24.04651099142829,51976,1.586181640625
38,mdffdd208406.png,jpeg,65,0.9632271446260928,37.37928754685365,0.9953517100372209,23.327067882538973,47484,1.4490966796875
38,mdffdd208406.png,jpeg,60,0.9593155551237992,36.89587836121075,0.9947378046467359,22.788330332419932,43955,1.341400146484375
38,mdffdd208406.png,jpeg,55,0.9550457415757867,36.41661069465801,0.9940495524042587,22.254503651875226,41013,1.251617431640625
38,mdffdd208406.png,jpeg,50,0.9508185405122817,35.95631985256274,0.9932993425318317,21.738825822560806,38615,1.178436279296875
38,mdffdd208406.png,jpeg,45,0.9459998969132369,35.50202792587617,0.9924818053626188,21.238864350938155,36330,1.10870361328125
38,mdffdd208406.png,jpeg,40,0.9397025261320039,34.949055400077775,0.991381114964458,20.645489121602687,33715,1.028900146484375
38,mdffdd208406.png,jpeg,35,0.9318808289953758,34.35124618129975,0.9899094779024701,19.96086362186268,31331,0.956146240234375
38,mdffdd208406.png,jpeg,30,0.9225867172709119,33.65283956285057,0.9881699202994074,19.270123294708895,28581,0.872222900390625
38,mdffdd208406.png,jpeg,25,0.9079850792706834,32.747998883163746,0.9852895541476996,18.32374164236478,25694,0.78411865234375
38,mdffdd208406.png,jpeg,20,0.8879695647516456,31.657654432148824,0.9805894633924083,17.119624583007298,22507,0.686859130859375
38,mdffdd208406.png,jpeg,15,0.8568257336919117,30.242624797850905,0.9727410676011896,15.644911573929424,19178,0.58526611328125
38,mdffdd208406.png,jpeg,10,0.7956768016328097,28.072524828089676,0.9548113002352965,13.449701546444198,15434,0.47100830078125
